"DateTime","DHI","DNI","Temperature","Pressure","Relative.Humidity","Wind.Speed","GHI","Hour","Month","DayOfYear","Predicted_GHI","Predicted_Power_W","Predicted_Energy_kWh","CO2_Saved_kg","Cumulative_CO2_Saved_kg"
"16-10-2013 04:00",0,0,28,1000,93.37,0.7,0,4,10,289,-0.027690297,-29.90552075,-0.029905521,-0.024522527,5238404.573
"03-08-2014 09:00",218,617,32,1000,51.7,3.8,691,9,8,215,700.333313,756359.978,756.359978,620.215182,6717463.73
"06-12-2011 19:00",0,0,25,1010,75.98,2.8,0,19,12,340,-0.006419723,-6.933300756,-0.006933301,-0.005685307,1773160.919
"18-04-2012 12:00",205,792,39,1000,29.27,3.2,993,12,4,109,993.7288818,1073227.192,1073.227192,880.0462978,2464743.196
"31-10-2011 09:00",341,170,28,1010,81.28,2.1,463,9,10,304,464.3991394,501551.0706,501.5510706,411.2718779,1626720.187
"16-07-2012 19:00",0,0,29,1000,68.93,4,0,19,7,198,0.088412039,95.4850021,0.095485002,0.078297702,2956334.858
"04-01-2011 11:00",301,523,28,1010,73.73,3.7,717,11,1,4,713.2647705,770325.9521,770.3259521,631.6672808,13710.72455
"14-03-2011 13:00",227,763,34,1000,39.22,3.2,926,13,3,73,924.7788086,998761.1133,998.7611133,818.9841129,377399.6351
"13-01-2011 18:00",0,0,24,1010,77.05,3.2,0,18,1,13,0.017209355,18.58610317,0.018586103,0.015240605,54338.61485
"19-02-2014 10:00",330,23,31,1010,51.15,2.6,349,10,2,50,346.2677002,373969.1162,373.9691162,306.6546753,5791496.137
"01-04-2013 17:00",87,84,32,1000,54.58,4.4,104,17,4,91,104.7723389,113154.126,113.154126,92.7863833,4219136.665
"06-08-2013 01:00",0,0,27,1000,84.26,2.8,0,1,8,218,0.083574452,90.26040763,0.090260408,0.074013534,4892380.47
"10-07-2012 01:00",0,0,29,1000,75.17,2.2,0,1,7,192,0.016348587,17.65647434,0.017656474,0.014478309,2921151.768
"12-12-2012 12:00",214,734,30,1010,55.88,1.1,802,12,12,347,801.6665039,865799.8242,865.7998242,709.9558559,3655000.257
"06-08-2011 07:00",147,22,28,1000,75.74,2.3,156,7,8,218,159.7855835,172568.4302,172.5684302,141.5061127,1191112.352
"05-01-2013 02:00",0,0,24,1000,87.17,1.8,0,2,1,5,0.031182094,33.67666103,0.033676661,0.027614862,3748274.778
"25-07-2014 03:00",0,0,27,1000,69,4,0,3,7,206,-0.045254495,-48.87485459,-0.048874855,-0.040077381,6677412.893
"19-11-2014 19:00",0,0,25,1010,82.68,3,0,19,11,323,-0.013793704,-14.89720043,-0.0148972,-0.012215704,7224970.693
"02-03-2011 16:00",170,456,28,1000,46.2,3.1,363,16,3,61,367.7423706,397161.7603,397.1617603,325.6726434,305994.5598
"19-08-2012 04:00",0,0,27,1000,76.75,3.5,0,4,8,232,0.031735986,34.27486539,0.034274865,0.02810539,3123981.73
"06-08-2012 10:00",269,583,34,1000,42.53,2.8,795,10,8,219,797.6672363,861480.6152,861.4806152,706.4141045,3056523.095
"19-09-2014 09:00",225,574,31,1000,75.13,2.4,668,9,9,262,671.0429688,724726.4063,724.7264063,594.2756531,6948698.593
"16-09-2013 03:00",0,0,26,1000,90.11,2.3,0,3,9,259,-0.013230222,-14.28864006,-0.01428864,-0.011716685,5086853.121
"27-06-2014 22:00",0,0,29,1000,78.34,2.7,0,22,6,178,0.101806559,109.9510834,0.109951083,0.090159888,6540133.188
"10-07-2012 10:00",200,705,35,1000,45.36,1,832,10,7,192,835.2393799,902058.5303,902.0585303,739.6879948,2923236.863
"10-11-2012 08:00",223,415,28,1010,78.32,2.7,440,8,11,315,441.8675232,477216.925,477.216925,391.3178785,3515101.827
"21-11-2014 14:00",294,295,30,1000,64.74,2.3,482,14,11,325,486.5499878,525473.9868,525.4739868,430.8886692,7233116.472
"06-09-2014 10:00",230,631,29,1000,72.86,3,803,10,9,249,783.53302,846215.6616,846.2156616,693.8968425,6886420.25
"29-06-2012 06:00",57,28,27,1000,73.81,2.7,62,6,6,181,63.55595779,68640.43442,68.64043442,56.28515622,2864446.936
"14-04-2011",0,0,27,1000,85.72,3,0,0,4,104,0.00949923,10.25916886,0.010259169,0.008412518,566265.8225
"15-11-2012 01:00",0,0,23,1000,78.35,3.3,0,1,11,320,-0.067592621,-73.00003052,-0.073000031,-0.059860025,3538494.837
"29-07-2011 06:00",48,31,27,1000,87.24,3.3,53,6,7,210,52.82433319,57050.27985,57.05027985,46.78122947,1154610.353
"11-12-2012 17:00",2,0,26,1010,76.91,1.9,2,17,12,346,1.718132734,1855.583353,1.855583353,1.521578349,3651989.077
"09-02-2011 07:00",89,280,24,1000,70.78,1.2,149,7,2,40,151.8315125,163978.0334,163.9780334,134.4619874,186606.8918
"11-06-2013 17:00",29,0,32,1000,53.59,3.3,29,17,6,162,29.09755135,31425.35545,31.42535545,25.76879147,4625404.537
"18-02-2014 09:00",311,307,29,1010,65.79,2.4,511,9,2,49,507.3728943,547962.7258,547.9627258,449.3294352,5786057.054
"01-01-2012 14:00",314,177,28,1000,76.82,3.9,430,14,1,1,423.3477478,457215.5676,457.2155676,374.9167655,1871053.86
"25-11-2014 03:00",0,0,24,1010,80.1,3.3,0,3,11,329,-0.067592621,-73.00003052,-0.073000031,-0.059860025,7246257.268
"29-12-2012 18:00",0,0,26,1000,89.79,3.4,0,18,12,364,-0.010068229,-10.87368775,-0.010873688,-0.008916424,3722542.832
"11-06-2014 21:00",0,0,30,1000,78.63,2.8,0,21,6,162,-0.092632331,-100.0429174,-0.100042917,-0.082035192,6451345.887
"04-05-2013 05:00",0,0,28,1000,93.99,3.1,0,5,5,124,0.011276661,12.17879433,0.012178794,0.009986611,4412151.478
"12-09-2014 02:00",0,0,27,1000,88.81,1.8,0,2,9,255,-0.013230222,-14.28864006,-0.01428864,-0.011716685,6916964.627
"09-10-2014 03:00",0,0,27,1000,89.6,1.4,0,3,10,282,0.032352634,34.94084448,0.034940844,0.028651492,7059199.287
"23-03-2014 13:00",226,770,38,1000,20.03,3.3,940,13,3,82,948.1220093,1023971.77,1023.97177,839.6568514,5976653.268
"10-06-2014 19:00",0,0,31,1000,68.16,3.5,0,19,6,161,0.008722699,9.420515187,0.009420515,0.007724822,6445309.808
"18-01-2012 14:00",164,784,29,1000,45.37,0.7,704,14,1,18,703.0314941,759274.0137,759.2740137,622.6046912,1949084.912
"18-07-2014 11:00",215,722,36,1000,41.83,3.3,917,11,7,199,913.0349121,986077.7051,986.0777051,808.5837182,6643529.481
"25-05-2012 21:00",0,0,30,1000,74.65,5.2,0,21,5,146,-0.039470106,-42.62771487,-0.042627715,-0.034954726,2682702.407
"27-08-2012 22:00",0,0,28,1000,71.27,3.5,0,22,8,240,0.077724554,83.94251794,0.083942518,0.068832865,3172672.13
"10-06-2013 13:00",204,689,34,1000,42.92,3.1,844,13,6,161,843.3311157,910797.605,910.797605,746.8540361,4619061.54
"07-08-2011 12:00",271,610,34,1000,52.06,3.4,879,12,8,219,885.0701294,955875.7397,955.8757397,783.8181066,1198381.971
"18-05-2013 10:00",243,664,35,1000,54.26,2.2,851,10,5,138,850.4279175,918462.1509,918.4621509,753.1389637,4492062.402
"13-04-2014 04:00",0,0,27,1000,97.3,2.1,0,4,4,103,0.014611173,15.78006729,0.015780067,0.012939655,6103576.627
"22-12-2011 14:00",322,169,27,1000,60.14,2.9,430,14,12,356,433.6835632,468378.2483,468.3782483,384.0701636,1838692.304
"19-12-2012 19:00",0,0,24,1010,76.53,3.4,0,19,12,354,-0.003630388,-3.920818856,-0.003920819,-0.003215071,3688235.656
"17-05-2013 15:00",203,544,38,1000,34.38,1.3,558,15,5,137,558.3070679,602971.6333,602.9716333,494.4367393,4489488.57
"17-04-2014 13:00",249,713,38,1000,27.51,3.3,919,13,4,107,914.7297974,987908.1812,987.9081812,810.0847085,6132867.843
"25-12-2011 01:00",0,0,22,1010,80.97,3.5,0,1,12,359,-0.067226134,-72.60422498,-0.072604225,-0.059535464,1844883.915
"10-12-2014 13:00",220,19,27,1010,81.56,3.4,235,13,12,344,231.6815033,250216.0236,250.2160236,205.1771393,7303985.013
"06-02-2012 13:00",273,673,31,1010,37.99,2,836,13,2,37,828.4642334,894741.3721,894.7413721,733.6879251,2045161.219
"22-12-2014 14:00",194,631,27,1000,62.73,3.6,596,14,12,356,581.5211792,628042.8735,628.0428735,514.9951563,7350667.347
"15-01-2011 20:00",0,0,24,1010,80.17,2.7,0,20,1,15,-0.007862587,-8.49159345,-0.008491593,-0.006963107,63078.89512
"28-11-2011 21:00",0,0,26,1010,87.53,2.1,0,21,11,332,0.001934389,2.089140373,0.00208914,0.001713095,1738560.679
"28-03-2012 19:00",0,0,28,1010,69.35,2.8,0,19,3,88,-0.007768263,-8.389724158,-0.008389724,-0.006879574,2334532.976
"09-02-2014 08:00",161,508,28,1010,46.64,1.3,384,8,2,40,387.2419128,418221.2659,418.2212659,342.941438,5741675.228
"27-06-2013 02:00",0,0,28,1000,71.39,4.2,0,2,6,178,0.047664732,51.47791028,0.05147791,0.042211886,4704467.123
"15-09-2014 14:00",187,670,30,1000,73.96,1.3,720,14,9,258,711.2833252,768185.9912,768.1859912,629.9125128,6936185.159
"04-07-2013",0,0,28,1000,69.03,4.3,0,0,7,185,0.027314607,29.49977562,0.029499776,0.024189816,4744749.624
"29-07-2014 11:00",387,333,36,1000,43.63,3.1,713,11,7,210,705.8955078,762367.1484,762.3671484,625.1410617,6697635.98
"01-08-2012 16:00",178,385,37,1000,30.1,3.8,363,16,8,214,360.6105347,389459.3774,389.4593774,319.3566895,3036944.538
"20-04-2014 15:00",305,253,35,1000,31.63,2.8,471,15,4,110,462.6816711,499696.2048,499.6962048,409.750888,6152946.986
"05-02-2013 05:00",0,0,24,1010,86.73,1.9,0,5,2,36,0.014611173,15.78006729,0.015780067,0.012939655,3901107.918
"19-09-2014 18:00",0,0,30,1000,72.39,0.8,0,18,9,262,0.042660404,46.07323632,0.046073236,0.037780054,6953095.59
"03-11-2011 17:00",2,0,26,1000,88.14,2.8,2,17,11,307,1.734744668,1873.524241,1.873524241,1.536289878,1637470.564
"11-07-2012 19:00",0,0,30,1000,62.43,1.5,0,19,7,193,0.095558532,103.2032141,0.103203214,0.084626636,2933294.431
"31-10-2011 13:00",348,91,28,1000,78.8,2.8,422,13,10,304,423.7809753,457683.4534,457.6834534,375.3004318,1628982.329
"29-04-2011 01:00",0,0,28,1000,89.5,2.7,0,1,4,119,-0.016670551,-18.00419524,-0.018004195,-0.01476344,649729.8154
"27-12-2014 21:00",0,0,24,1010,78.55,4,0,21,12,361,-0.003630388,-3.920818856,-0.003920819,-0.003215071,7370519.881
"11-03-2014 16:00",146,484,29,1010,47.8,3.9,355,16,3,70,356.5506592,385074.7119,385.0747119,315.7612638,5903765.96
"09-06-2014 22:00",0,0,28,1000,78.71,4,0,22,6,160,0.106491409,115.010722,0.115010722,0.094308792,6439552.263
"09-09-2013 16:00",160,39,28,1000,83.32,0.9,177,16,9,252,176.3515472,190459.671,190.459671,156.1769302,5064369.481
"13-08-2012 16:00",147,475,33,1000,53.13,0.8,370,16,8,226,371.6766052,401410.7336,401.4107336,329.1568016,3095532.704
"02-07-2013 01:00",0,0,27,1000,63.12,4.7,0,1,7,183,0.091318786,98.62428904,0.098624289,0.080871917,4733150.909
"17-04-2012 08:00",161,628,34,1000,45.34,2.9,535,8,4,108,532.9674683,575604.8657,575.6048657,471.9959899,2455073.253
"02-01-2012 10:00",283,19,29,1010,74.47,1.1,297,10,1,2,300.8240051,324889.9255,324.8899255,266.4097389,1872569.782
"02-05-2011 10:00",250,669,34,1000,58.52,0.5,865,10,5,122,861.2111206,930108.0103,930.1080103,762.6885684,670325.2241
"27-07-2013 08:00",173,535,30,1000,61.75,3.8,485,8,7,208,491.5855103,530912.3511,530.9123511,435.3481279,4839389.651
"24-10-2014 20:00",0,0,26,1010,87.36,2.2,0,20,10,297,0.001934389,2.089140373,0.00208914,0.001713095,7118435.24
"03-03-2011 13:00",212,791,32,1000,35.9,2.7,922,13,3,62,917.8959961,991327.6758,991.3276758,812.8886941,310512.5612
"18-12-2011 09:00",286,274,27,1010,68.93,3.6,453,9,12,352,454.1130676,490442.113,490.442113,402.1625327,1820761.494
"16-09-2014",0,0,27,1000,89.91,2.1,0,0,9,259,-0.013230222,-14.28864006,-0.01428864,-0.011716685,6936876.727
"26-10-2012 12:00",217,743,31,1000,62.42,2.1,878,12,10,300,892.3184204,963703.894,963.703894,790.2371931,3455153.75
"06-03-2013 23:00",0,0,26,1010,91.05,2.8,0,23,3,65,-0.013996881,-15.11663195,-0.015116632,-0.012395638,4060578.896
"11-03-2013 19:00",0,0,27,1010,64.28,3.3,0,19,3,70,-0.1139846,-123.1033677,-0.123103368,-0.100944762,4089191.921
"12-10-2014 20:00",0,0,28,1000,86.75,3.7,0,20,10,285,0.024468817,26.42632216,0.026426322,0.021669584,7074307.758
"19-02-2013 01:00",0,0,25,1000,93.96,2.3,0,1,2,50,0.014611173,15.78006729,0.015780067,0.012939655,3968861.306
"23-02-2014 08:00",157,536,28,1010,52.9,1.5,408,8,2,54,409.073822,441799.7278,441.7997278,362.2757768,5811601.601
"13-09-2011 03:00",0,0,26,1000,91.97,2.7,0,3,9,256,-0.013230222,-14.28864006,-0.01428864,-0.011716685,1388992.387
"13-03-2013 02:00",0,0,26,1010,84.16,1.7,0,2,3,72,0.10892,117.6336005,0.117633601,0.096459552,4095338.063
"03-09-2013",0,0,27,1000,91.32,2.5,0,0,9,246,-0.013230222,-14.28864006,-0.01428864,-0.011716685,5030410.7
"08-04-2013 22:00",0,0,27,1000,89.06,2.7,0,22,4,98,-0.015892431,-17.16382563,-0.017163826,-0.014074337,4261893.433
"20-01-2012 05:00",0,0,23,1010,86.27,1.4,0,5,1,20,0.06701275,72.37376958,0.07237377,0.059346491,1955165.277
"27-10-2011 15:00",154,0,28,1000,77.51,2.3,154,15,10,300,154.2888184,166631.9238,166.6319238,136.6381775,1613213.048
"07-01-2011",0,0,24,1000,87.46,3.4,0,0,1,7,0.036172081,39.06584725,0.039065847,0.032033995,22277.18154
"01-06-2013 11:00",435,146,32,1000,63.36,2,578,11,6,152,574.803772,620788.0737,620.7880737,509.0462205,4571656.85
"26-12-2012 18:00",0,0,25,1010,78.6,4.2,0,18,12,361,-0.003630388,-3.920818856,-0.003920819,-0.003215071,3715576.783
"13-06-2014 20:00",0,0,31,1000,69.49,3.4,0,20,6,164,0.008722699,9.420515187,0.009420515,0.007724822,6461769.237
"13-11-2012 11:00",218,737,29,1010,63.23,3.7,845,11,11,318,838.3864136,905457.3267,905.4573267,742.4750079,3531557.98
"15-04-2012 13:00",201,780,34,1000,49.1,1.9,934,13,4,106,932.4356689,1007030.522,1007.030522,825.7650284,2446332.848
"09-06-2012 19:00",0,0,35,1000,46.73,1.1,0,19,6,161,-0.8373546,-904.3429685,-0.904342968,-0.741561234,2765527.216
"16-02-2013 13:00",197,764,31,1000,54.74,3.1,857,13,2,47,858.1853027,926840.127,926.840127,760.0089041,3959556.653
"15-03-2012 04:00",0,0,27,1010,91.07,1.1,0,4,3,75,0.106860399,115.4092312,0.115409231,0.09463557,2248389.973
"05-07-2011 16:00",151,470,33,1000,48.11,2.2,376,16,7,186,378.3883362,408659.4031,408.6594031,335.1007105,1037320.414
"28-01-2013 05:00",0,0,24,1010,86.98,1.8,0,5,1,28,0.031182094,33.67666103,0.033676661,0.027614862,3859018.985
"21-06-2012 15:00",270,363,38,1000,30.55,3.6,513,15,6,173,517.2629395,558643.9746,558.6439746,458.0880592,2826732.267
"21-12-2013 04:00",0,0,23,1010,76.68,2.4,0,4,12,355,-0.05227346,-56.45533651,-0.056455337,-0.046293376,5505700.671
"16-10-2011 17:00",17,0,29,1000,79.64,2.1,17,17,10,289,15.32980633,16556.19083,16.55619083,13.57607648,1566061.599
"16-05-2014 17:00",93,120,33,1000,55.75,2.5,119,17,5,136,117.8297806,127256.163,127.256163,104.3500537,6302708.546
"11-10-2013 23:00",0,0,28,1000,89.35,0.6,0,23,10,284,0.052820966,57.0466429,0.057046643,0.046778247,5218785.19
"14-10-2012 11:00",270,591,29,1010,79.34,0.7,818,11,10,288,807.039978,871603.1763,871.6031763,714.7146045,3408031.787
"31-12-2011 12:00",293,565,28,1010,74.8,2.6,748,12,12,365,748.6836548,808578.3472,808.5783472,663.0342447,1867265.021
"17-07-2012 15:00",174,612,31,1000,67.43,2.2,591,15,7,199,583.5431519,630226.604,630.226604,516.7858153,2961279.664
"01-01-2012 18:00",0,0,25,1010,88.68,3.2,0,18,1,1,0.03135075,33.85881051,0.033858811,0.027764225,1871577.096
"01-04-2014 14:00",236,682,38,1000,18.42,3.1,796,14,4,91,804.4710083,868828.689,868.828689,712.439525,6034453.432
"20-09-2014 20:00",0,0,29,1000,80.82,0.7,0,20,9,263,0.009444104,10.19963186,0.010199632,0.008363698,6958640.877
"07-02-2013 17:00",66,77,27,1010,55.48,3.1,79,17,2,38,77.66773987,83881.15906,83.88115906,68.78255043,3916653.599
"10-10-2012 06:00",45,47,26,1000,90.36,1.2,51,6,10,284,50.59394455,54641.46011,54.64146011,44.80599729,3386298.348
"20-11-2013 16:00",108,135,27,1000,82.37,3.2,143,16,11,324,143.7632599,155264.3207,155.2643207,127.316743,5388126.858
"12-06-2013 08:00",201,7,30,1000,55.94,3.7,206,8,6,163,206.5383759,223061.4459,223.0614459,182.9103857,4625763.595
"15-05-2013 16:00",201,200,32,1000,61.48,2.2,291,16,5,135,291.2469482,314546.7041,314.5467041,257.9282974,4478139.366
"30-11-2012 12:00",222,687,30,1010,56.75,2,781,12,11,335,790.0421143,853245.4834,853.2454834,699.6612964,3604717.71
"11-04-2014 22:00",0,0,28,1000,84.35,2.1,0,22,4,101,0.019011162,20.5320552,0.020532055,0.016836285,6097469.443
"29-05-2014 21:00",0,0,29,1000,85.3,3,0,21,5,149,0.046958376,50.71504578,0.050715046,0.041586338,6380317.711
"18-11-2013 11:00",380,330,28,1010,85.31,3.3,658,11,11,322,660.4109497,713243.8257,713.2438257,584.8599371,5376674.316
"15-03-2011 20:00",0,0,26,1000,84.56,2.9,0,20,3,74,-0.013996881,-15.11663195,-0.015116632,-0.012395638,385119.157
"25-09-2013 07:00",137,15,27,1000,89.17,2.3,143,7,9,268,138.3673553,149436.7438,149.4367438,122.5381299,5136617.381
"13-01-2013 05:00",0,0,23,1010,83.2,2,0,5,1,13,0.006392405,6.903797798,0.006903798,0.005661114,3786046.271
"23-01-2013 02:00",0,0,23,1010,80.75,2.7,0,2,1,23,0.006392405,6.903797798,0.006903798,0.005661114,3833333.398
"13-10-2011 13:00",206,712,30,1000,78.9,1.3,815,13,10,286,814.8634644,880052.5415,880.0525415,721.643084,1550943.84
"04-01-2013 08:00",195,87,27,1010,66.79,1.4,232,8,1,4,234.5983582,253366.2268,253.3662268,207.760306,3743899.308
"26-07-2013 22:00",0,0,28,1000,85.23,3.7,0,22,7,207,0.062102038,67.07020149,0.067070201,0.054997565,4838713.645
"09-06-2014 05:00",0,0,27,990,80.36,3.6,0,5,6,160,0.078946456,85.26217282,0.085262173,0.069914982,6437530.233
"04-05-2012 07:00",178,233,30,1000,77.73,1.4,271,7,5,125,274.8323669,296818.9563,296.8189563,243.3915442,2556809.807
"16-10-2013 18:00",0,0,27,1000,88.46,2.5,0,18,10,289,0.001934389,2.089140373,0.00208914,0.001713095,5243688.485
"20-02-2013 21:00",0,0,25,1010,80.99,2.7,0,21,2,51,-0.030033803,-32.43650682,-0.032436507,-0.026597936,3980154.151
"28-08-2013 08:00",218,396,30,1000,82.08,1.7,451,8,8,240,453.5718994,489857.6514,489.8576514,401.6832741,4995823.424
"17-01-2013 01:00",0,0,24,1010,82.35,2.4,0,1,1,17,0.006392405,6.903797798,0.006903798,0.005661114,3804689.621
"13-11-2013 10:00",258,564,29,1010,68.66,3.2,708,10,11,317,703.5847778,759871.5601,759.8715601,623.0946792,5359439.265
"13-09-2012 17:00",61,163,30,1000,70.05,0.7,87,17,9,257,84.18592072,90920.79437,90.92079437,74.55505139,3254933.984
"15-10-2012 15:00",194,438,28,1000,84.11,1,428,15,10,289,419.522644,453084.4556,453.0844556,371.5292536,3415933.689
"09-07-2012 10:00",405,158,33,1000,51.29,1.8,547,10,7,191,547.3184204,591103.894,591.103894,484.7051931,2918310.523
"27-11-2014 20:00",0,0,25,1010,80.77,2.5,0,20,11,331,-0.012206991,-13.1835505,-0.01318355,-0.010810511,7258152.691
"24-02-2011 08:00",186,15,28,1010,68.19,1.5,194,8,2,55,195.2914581,210914.7748,210.9147748,172.9501153,267539.8482
"04-12-2012 21:00",0,0,25,1010,91.7,3.9,0,21,12,339,-0.010068229,-10.87368775,-0.010873688,-0.008916424,3619470.662
"24-09-2014 05:00",0,0,26,1000,93.41,2.1,0,5,9,267,-0.013230222,-14.28864006,-0.01428864,-0.011716685,6974407.813
"26-02-2011 05:00",0,0,26,1000,82.52,1.3,0,5,2,57,0.016618224,17.94768177,0.017947682,0.014717099,277360.8271
"17-03-2014 16:00",180,439,32,1010,30.94,3.6,371,16,3,76,367.4593506,396856.0986,396.8560986,325.4220009,5940641.611
"02-09-2012 14:00",252,581,33,1000,56.64,3,728,14,9,246,742.7942505,802217.7905,802.2177905,657.8185882,3203220.989
"14-02-2011 18:00",0,0,24,1000,73.9,2.7,0,18,2,45,-0.030033803,-32.43650682,-0.032436507,-0.026597936,220305.9788
"11-05-2013 01:00",0,0,29,1000,82.08,2.6,0,1,5,131,3.43e-05,0.037060501,3.71e-05,3.04e-05,4453245.381
"14-10-2013 23:00",0,0,28,1000,82.01,1.5,0,23,10,287,0.079388551,85.73963553,0.085739636,0.070306501,5234149.676
"22-12-2012 03:00",0,0,22,1010,89.27,3.3,0,3,12,357,-0.036341984,-39.24934253,-0.039249343,-0.032184461,3696255.774
"06-01-2014 21:00",0,0,24,1010,82.35,2.9,0,21,1,6,0.024216838,26.15418524,0.026154185,0.021446432,5576625.313
"25-06-2012 01:00",0,0,29,1000,74.08,2.9,0,1,6,177,0.065454625,70.69099456,0.070690995,0.057966616,2844156.463
"07-12-2012 06:00",2,0,25,1010,85.98,1.9,2,6,12,342,1.695941925,1831.617279,1.831617279,1.501926169,3628405.102
"15-06-2011 15:00",295,282,34,1000,50.28,3.8,482,15,6,166,489.1581726,528290.8264,528.2908264,433.1984777,926029.5358
"28-04-2011 10:00",277,604,34,1000,56.11,1.2,831,10,4,118,821.0821533,886768.7256,886.7687256,727.150355,645638.3092
"05-07-2014 23:00",0,0,29,1000,76.42,2.8,0,23,7,186,0.074935205,80.9300217,0.080930022,0.066362618,6585109.951
"17-04-2011 04:00",0,0,26,1000,93.03,2,0,4,4,107,0.014611173,15.78006729,0.015780067,0.012939655,585090.9299
"11-09-2014 04:00",0,0,27,1000,90.4,1.4,0,4,9,254,0.043461747,46.93868726,0.046938687,0.038489724,6910852.208
"27-07-2014 05:00",0,0,27,1000,77.07,3.8,0,5,7,208,0.031735986,34.27486539,0.034274865,0.02810539,6688368.324
"31-01-2011 23:00",0,0,24,1010,87.23,2.7,0,23,1,31,0.006278791,6.781094782,0.006781095,0.005560498,143777.5951
"28-11-2014 11:00",367,98,30,1010,66.87,3.2,448,11,11,332,438.8456421,473953.2935,473.9532935,388.6417006,7259884.197
"12-10-2012 08:00",196,493,29,1010,83.05,1.1,479,8,10,286,471.0515442,508735.6677,508.7356677,417.1632475,3397925.408
"01-01-2012 06:00",0,0,25,1010,93.54,0.8,0,6,1,1,0.014417593,15.57100084,0.015571001,0.012768221,1868931.083
"22-03-2012 13:00",250,729,39,1000,26.61,2.5,925,13,3,82,924.3775635,998327.7686,998.3277686,818.6287702,2295484.094
"22-04-2012 01:00",0,0,27,1000,85.41,2.7,0,1,4,113,0.014611173,15.78006729,0.015780067,0.012939655,2484136.578
"14-10-2014 18:00",0,0,28,1000,85.35,2.1,0,18,10,287,0.036837913,39.78494614,0.039784946,0.032623656,7085096.441
"26-10-2011 12:00",360,54,28,1000,81.19,3.5,409,12,10,299,408.7641907,441465.3259,441.4653259,362.0015673,1610289.977
"11-08-2013 14:00",377,176,32,1000,59.32,0.3,525,14,8,223,526.1939697,568289.4873,568.2894873,465.9973796,4918282.865
"14-09-2011 14:00",176,708,31,1000,74.55,0.6,741,14,9,257,733.4232788,792097.1411,792.0971411,649.5196557,1398077.521
"24-10-2013 04:00",0,0,26,1000,95.57,2.1,0,4,10,297,-0.024339348,-26.28649592,-0.026286496,-0.021554927,5270320.462
"17-02-2011 12:00",339,577,32,1000,52.75,1,862,12,2,48,866.8930054,936244.4458,936.2444458,767.7204456,234521.5487
"20-06-2011 15:00",182,597,37,990,33.79,3.1,580,15,6,171,582.8323975,629458.9893,629.4589893,516.1563712,954847.6731
"27-12-2013 13:00",214,705,28,1010,58.76,2.4,744,13,12,361,744.7669678,804348.3252,804.3483252,659.5656267,5534998.377
"20-02-2013",0,0,25,1010,85.27,2.1,0,0,2,51,0.014611173,15.78006729,0.015780067,0.012939655,3974465.029
"03-01-2011 16:00",143,238,26,1000,75.13,2.9,216,16,1,3,219.9451599,237540.7727,237.5407727,194.7834336,11932.30261
"09-07-2013",0,0,28,1000,74.52,4,0,0,7,190,0.00045428,0.490622213,0.000490622,0.00040231,4762956.028
"21-12-2013 10:00",212,705,28,1010,57.94,1.8,724,10,12,355,725.411438,783444.353,783.444353,642.4243695,5507313.08
"17-06-2011 13:00",409,125,35,1000,43.28,4.5,526,13,6,168,524.2493896,566189.3408,566.1893408,464.2752595,936004.7004
"28-09-2011 20:00",0,0,30,1000,80.69,0.7,0,20,9,271,0.855505466,923.9459038,0.923945904,0.757635641,1475405.018
"27-07-2011 09:00",345,59,34,1000,46.71,2.3,391,9,7,208,390.8282166,422094.4739,422.0944739,346.1174686,1144901.871
"19-03-2011 01:00",0,0,26,1000,83.13,1.7,0,1,3,78,0.09256573,99.97098863,0.099970989,0.081976211,403546.9123
"25-04-2014 02:00",0,0,28,1000,82.18,3.2,0,2,4,115,-0.038136747,-41.18768647,-0.041187686,-0.033773903,6178313.178
"31-08-2014 01:00",0,0,26,1000,83.86,4.3,0,1,8,243,0.065784566,71.04733139,0.071047331,0.058258812,6856365.065
"28-12-2012 23:00",0,0,25,1000,83.93,3.2,0,23,12,363,0.000714168,0.771301389,0.000771301,0.000632467,3721141.595
"29-05-2011 15:00",205,535,35,1000,52.69,1.1,555,15,5,149,556.8823853,601432.9761,601.4329761,493.1750404,836189.1788
"18-11-2011 09:00",269,46,28,1010,81.23,3.6,300,9,11,322,301.975769,326133.8306,326.1338306,267.4297411,1700253.756
"17-06-2011 06:00",60,22,28,1000,68.54,3.5,64,6,6,168,65.56690979,70812.26257,70.81226257,58.06605531,932228.9349
"05-07-2012 21:00",0,0,32,1000,53.71,2.9,0,21,7,187,0.182140604,196.711852,0.196711852,0.161303719,2900491.241
"21-05-2012 06:00",62,12,28,1000,85.26,2.6,65,6,5,142,64.40574646,69558.20618,69.55820618,57.03772906,2654469.744
"04-01-2013 04:00",0,0,24,1010,89.91,1.5,0,4,1,4,0.06701275,72.37376958,0.07237377,0.059346491,3743610.374
"24-11-2012 02:00",0,0,26,1000,82.25,1.5,0,2,11,329,0.001468484,1.585963159,0.001585963,0.00130049,3575889.587
"19-06-2011 20:00",0,0,32,1000,52.14,4.8,0,20,6,170,-0.006127144,-6.617315747,-0.006617316,-0.005426199,949121.4102
"26-09-2012",0,0,28,1000,86.55,1.2,0,0,9,270,-0.012055497,-13.01993642,-0.013019936,-0.010676348,3320290.848
"29-06-2012 15:00",186,581,34,1000,45.23,2.6,577,15,6,181,572.4125977,618205.6055,618.2056055,506.9285965,2869925.737
"01-10-2013 07:00",122,416,27,1000,87.67,2.5,274,7,10,274,273.9308167,295845.282,295.845282,242.5931312,5164832.894
"13-01-2013 08:00",160,442,27,1010,53.92,2.1,343,8,1,13,340.8851929,368156.0083,368.1560083,301.8879268,3786456.405
"02-02-2011 08:00",147,528,27,1010,69.78,3.2,372,8,2,33,373.1063232,402954.8291,402.9548291,330.4229599,149254.3545
"17-10-2014 17:00",4,0,27,1010,91.16,2.3,4,17,10,290,3.129229546,3379.567909,3.379567909,2.771245686,7097902.312
"13-11-2014 02:00",0,0,25,1000,90.69,3,0,2,11,317,-0.025926057,-28.00014183,-0.028000142,-0.022960116,7195162.627
"29-08-2014 22:00",0,0,27,1000,86.32,3.8,0,22,8,241,0.0271984,29.37427238,0.029374272,0.024086903,6851238.228
"23-10-2011 22:00",0,0,27,1000,88.43,1.5,0,22,10,296,0.058626365,63.31647411,0.063316474,0.051919509,1601703.274
"14-02-2013 08:00",181,18,28,1010,65.54,1,190,8,2,45,189.889801,205080.9851,205.0809851,168.1664078,3948012.71
"02-07-2011 19:00",0,0,29,1000,70.27,3,0,19,7,183,0.124298304,134.2421687,0.134242169,0.110078578,1025459.98
"28-06-2014 08:00",264,178,31,1000,69.68,2.7,370,8,6,179,364.3256226,393471.6724,393.4716724,322.6467713,6540766.258
"07-05-2013 10:00",263,612,34,1000,54.62,2,825,10,5,127,821.4766846,887194.8193,887.1948193,727.4997519,4431036.327
"17-05-2013 10:00",244,666,39,1000,32.87,1.7,854,10,5,137,853.0999146,921347.9077,921.3479077,755.5052843,4485912.782
"26-02-2012 03:00",0,0,25,1000,88.09,1.3,0,3,2,57,0.032972496,35.61029568,0.035610296,0.029200442,2150347.558
"07-02-2012 13:00",198,777,32,1000,36.32,2.9,850,13,2,38,855.4144287,923847.583,923.847583,757.5550181,2050555.516
"08-11-2011 07:00",120,374,25,1010,74.3,1.7,241,7,11,312,238.4078064,257480.4309,257.4804309,211.1339533,1651559.898
"30-10-2013 02:00",0,0,27,1010,93.33,0.6,0,2,10,303,-0.008356349,-9.0248565,-0.009024857,-0.007400382,5292624.359
"27-10-2014 07:00",120,393,27,1010,88.23,0.9,254,7,10,300,244.6600342,264232.8369,264.2328369,216.6709263,7127207.401
"29-12-2012 12:00",285,13,28,1000,78.14,4.5,296,12,12,364,292.2496338,315629.6045,315.6296045,258.8162757,3722040.217
"20-11-2011 09:00",255,459,28,1010,60.02,3.2,561,9,11,324,562.18573,607160.5884,607.1605884,497.8716825,1708888.368
"17-05-2012 02:00",0,0,28,1000,83.56,3.4,0,2,5,138,0.000494255,0.533794882,0.000533795,0.000437712,2631421.209
"29-05-2014 01:00",0,0,28,1000,94.82,3.1,0,1,5,149,0.011276661,12.17879433,0.012178794,0.009986611,6374163.105
"11-09-2014 02:00",0,0,27,1000,89.07,1.9,0,2,9,254,-0.013230222,-14.28864006,-0.01428864,-0.011716685,6910852.131
"27-08-2014 23:00",0,0,26,1000,90.97,2.8,0,23,8,239,0.044988289,48.58735263,0.048587353,0.039841629,6843869.793
"02-08-2011",0,0,28,1000,73.16,4.2,0,0,8,214,-0.09404619,-101.5698856,-0.101569886,-0.083287306,1170784.494
"31-12-2014 23:00",0,0,25,1000,93.54,1.3,0,23,12,365,0.044107065,47.63562977,0.04763563,0.039061216,7382172.734
"17-09-2013 18:00",0,0,28,1000,85.64,2.6,0,18,9,260,0.019488638,21.04772933,0.021047729,0.017259138,5096401.13
"04-07-2013 03:00",0,0,27,1000,72.35,3.9,0,3,7,185,0.031735986,34.27486539,0.034274865,0.02810539,4744749.723
"28-02-2012 21:00",0,0,26,1000,77.58,3.5,0,21,2,59,-0.025348935,-27.3768501,-0.02737685,-0.022449017,2168504.836
"04-10-2013 14:00",188,674,31,1000,72.78,0.9,691,14,10,277,691.6230469,746952.8906,746.9528906,612.5013703,5184420.197
"29-01-2012 03:00",0,0,24,1000,88.8,1.1,0,3,1,29,0.064953163,70.14941633,0.070149416,0.057522521,2001439.952
"14-03-2012 07:00",126,87,29,1010,70.66,1.3,152,7,3,74,151.057785,163142.4078,163.1424078,133.7767744,2242701.886
"05-04-2012 13:00",203,788,39,1000,23.83,3.3,942,13,4,96,945.0549316,1020659.326,1020.659326,836.9406475,2383325.529
"06-08-2013 19:00",0,0,29,1000,73.67,1.5,0,19,8,218,0.12973167,140.1102036,0.140110204,0.114890367,4897297.897
"01-09-2014 05:00",0,0,26,1000,80.65,3.8,0,5,9,244,-0.056483492,-61.00217164,-0.061002172,-0.050021781,6861551.914
"18-09-2012 01:00",0,0,28,1000,84.57,0.7,0,1,9,262,-0.028467348,-30.74473567,-0.030744736,-0.025210683,3278476.056
"21-10-2012 08:00",124,0,27,1010,85.4,2.3,124,8,10,295,123.3646393,133233.8104,133.2338104,109.2517245,3432835.88
"04-07-2013 13:00",411,176,38,990,32.16,3.2,576,13,7,185,575.3856201,621416.4697,621.4164697,509.5615052,4747487.098
"15-09-2014 07:00",114,449,27,1000,91.17,2.1,279,7,9,258,276.7135315,298850.614,298.850614,245.0575035,6931697.64
"04-05-2014 12:00",435,170,33,1000,54.31,3.8,604,12,5,124,598.2596436,646120.415,646.120415,529.8187403,6236703.42
"19-03-2013 18:00",0,0,28,1010,56.55,3.2,0,18,3,78,-0.02582131,-27.8870143,-0.027887014,-0.022867352,4138777.701
"06-08-2013 22:00",0,0,28,1000,77.19,1.6,0,22,8,218,0.12973167,140.1102036,0.140110204,0.114890367,4897298.242
"02-05-2011 14:00",237,632,34,1000,51.15,1,755,14,5,122,760.1727905,820986.6138,820.9866138,673.2090233,673417.7401
"18-11-2012 18:00",0,0,26,1000,63.11,2.6,0,18,11,323,-0.043293592,-46.75707892,-0.046757079,-0.038340805,3557956.656
"10-11-2012 02:00",0,0,25,1010,86.57,2,0,2,11,315,-0.024339348,-26.28649592,-0.026286496,-0.021554927,3514565.767
"18-02-2011 05:00",0,0,25,1000,91.82,1.4,0,5,2,49,0.050441828,54.47717384,0.054477174,0.044671283,236815.0977
"18-02-2011 22:00",0,0,25,1010,84.16,2.3,0,22,2,49,-0.015892431,-17.16382563,-0.017163826,-0.014074337,241936.8338
"05-12-2013 06:00",4,0,25,1010,82.6,3.8,4,6,12,339,3.037660837,3280.673704,3.280673704,2.690152437,5442250.506
"15-04-2011 06:00",44,14,28,1000,87.29,1.7,46,6,4,105,45.84438705,49511.93802,49.51193802,40.59978918,572524.064
"21-04-2014 12:00",256,733,39,1000,23.54,2.8,986,12,4,111,980.736084,1059194.971,1059.194971,868.539876,6157250.551
"14-03-2011 08:00",214,375,30,1010,62.96,1.9,409,8,3,73,411.7382813,444677.3438,444.6773438,364.6354219,373597.1678
"18-10-2014 16:00",56,0,27,1000,86.65,2.2,56,16,10,291,56.26236725,60763.35663,60.76335663,49.82595244,7100189.661
"14-02-2013 17:00",72,110,27,1010,68.94,2.7,91,17,2,45,92.96038055,100397.211,100.397211,82.32571302,3952841.409
"28-03-2014 20:00",0,0,28,1010,56.08,1.8,0,20,3,87,0.525288582,567.3116684,0.567311668,0.465195568,6009894.898
"14-12-2011 15:00",106,0,27,1010,73.32,3.8,106,15,12,348,106.2269135,114725.0665,114.7250665,94.07455455,1807152.794
"20-10-2013 21:00",0,0,26,1000,90.38,2.8,0,21,10,293,0.007355149,7.943560816,0.007943561,0.00651372,5261865.201
"03-05-2013 21:00",0,0,29,1000,77.89,3.4,0,21,5,123,0.042613812,46.02291673,0.046022917,0.037738792,4412151.38
"14-07-2013 19:00",0,0,30,1000,70.1,2.3,0,19,7,195,0.029718226,32.09568389,0.032095684,0.026318461,4790946.143
"24-07-2013 06:00",44,1,25,1000,78.89,4.3,45,6,7,205,44.08794785,47614.98367,47.61498367,39.04428661,4826710.022
"19-02-2011 14:00",200,708,31,1000,54.99,2.1,744,14,2,50,741.3634644,800672.5415,800.6725415,656.551484,246463.8715
"14-04-2011 08:00",172,587,30,1010,70.92,2.3,519,8,4,104,524.7692871,566750.8301,566.7508301,464.7356807,567018.0745
"24-11-2014 15:00",192,15,27,1000,67,3.5,199,15,11,328,199.0343933,214957.1448,214.9571448,176.2648587,7246167.002
"09-06-2012 05:00",0,0,29,1000,57.96,4.8,0,5,6,161,0.13627784,147.1800667,0.147180067,0.120687655,2761722.466
"26-01-2012 11:00",294,589,30,1010,49.52,2.2,781,11,1,26,769.1905518,830725.7959,830.7257959,681.1951526,1988403.037
"13-10-2013 11:00",209,748,32,1000,65.5,2.7,904,11,10,286,903.7832642,976085.9253,976.0859253,800.3904587,5226363.598
"25-03-2011 10:00",261,684,35,1010,35.73,1.7,863,10,3,84,855.7896729,924252.8467,924.2528467,757.8873343,442964.9871
"28-06-2011 11:00",340,449,36,1000,34.06,4.2,776,11,6,179,776.9848022,839143.5864,839.1435864,688.0977409,998581.626
"23-09-2011 15:00",156,633,32,1000,55.63,1.3,535,15,9,266,542.2064819,585583.0005,585.5830005,480.1780604,1446652.91
"20-09-2014 21:00",0,0,29,1000,82.48,0.7,0,21,9,263,0.009444104,10.19963186,0.010199632,0.008363698,6958640.886
"22-11-2011 15:00",152,552,28,1000,64.05,3.5,408,15,11,326,412.061554,445026.4783,445.0264783,364.9217122,1721250.933
"06-12-2014 08:00",241,171,26,1010,70.24,3,321,8,12,340,329.5447693,355908.3508,355.9083508,291.8448477,7286805.29
"05-07-2011 02:00",0,0,27,1000,87.2,3,0,2,7,186,0.076566972,82.69232959,0.08269233,0.06780771,1033552.527
"03-06-2013 19:00",0,0,29,1000,76.8,1.4,0,19,6,154,0.153882846,166.1934739,0.166193474,0.136278649,4584221.042
"23-04-2012 20:00",0,0,29,1000,69.37,2.6,0,20,4,114,-0.00966381,-10.43691482,-0.010436915,-0.00855827,2496698.619
"08-10-2014 05:00",0,0,28,1000,94.28,0.6,0,5,10,281,-0.027690297,-29.90552075,-0.029905521,-0.024522527,7053666.448
"01-12-2012 06:00",8,0,25,1010,81.88,2.1,8,6,12,336,8.893360138,9604.828949,9.604828949,7.875959738,3606329.358
"22-02-2014 22:00",0,0,24,1010,75.41,2.7,0,22,2,53,-0.030033803,-32.43650682,-0.032436507,-0.026597936,5811103.548
"04-02-2013 23:00",0,0,24,1010,84.51,2.5,0,23,2,35,-0.015892431,-17.16382563,-0.017163826,-0.014074337,3901107.84
"03-06-2012 19:00",0,0,32,1000,59.16,5.1,0,19,6,155,-0.032817267,-35.44264823,-0.035442648,-0.029062972,2731230.313
"25-04-2014 21:00",0,0,29,1000,81.32,3.2,0,21,4,115,-0.00024215,-0.26152242,-0.000261522,-0.000214448,6184566.754
"29-09-2014 21:00",0,0,27,1010,88.79,1.8,0,21,9,272,-0.015414934,-16.64812837,-0.016648128,-0.013651465,7009230.373
"05-10-2013 15:00",162,580,32,1000,67.56,0.8,489,15,10,278,489.937439,529132.4341,529.1324341,433.8885959,5190641.66
"29-05-2012 22:00",0,0,31,1000,66.94,4,0,22,5,150,-0.03163892,-34.17003393,-0.034170034,-0.028019428,2703432.954
"26-06-2014 11:00",218,677,37,1000,42.02,2.1,875,11,6,177,854.873291,923263.1543,923.2631543,757.0757865,6531435.116
"29-03-2012 08:00",189,538,32,1010,53.66,1,490,8,3,89,492.7298584,532148.2471,532.1482471,436.3615626,2335208.428
"29-09-2014 12:00",193,779,30,1000,75.56,2.1,937,12,9,272,956.3909912,1032902.271,1032.902271,846.9798618,7007069.382
"04-12-2013 22:00",0,0,25,1010,80.74,3.8,0,22,12,338,-0.003630388,-3.920818856,-0.003920819,-0.003215071,5442248.176
"25-06-2011 05:00",0,0,28,1000,75.07,3.2,0,5,6,176,0.058447141,63.1229125,0.063122912,0.051760788,979721.5235
"30-12-2011 09:00",131,0,27,1010,89.76,5.2,131,9,12,364,129.791748,140175.0879,140.1750879,114.9435721,1863929.248
"12-11-2014 16:00",32,0,26,1000,81.86,3.5,32,16,11,316,31.27514076,33777.15202,33.77715202,27.69726466,7195161.915
"22-06-2011 19:00",0,0,33,1000,55.97,2.2,0,19,6,173,-0.419850826,-453.4388924,-0.453438892,-0.371819892,967500.3413
"30-01-2011 09:00",178,648,28,1010,68.2,3,573,9,1,30,570.0944824,615702.041,615.702041,504.8756736,134657.0523
"24-03-2013 02:00",0,0,26,1000,87.08,1.6,0,2,3,83,0.10892,117.6336005,0.117633601,0.096459552,4163543.961
"26-05-2013 19:00",0,0,32,1000,57.18,5.4,0,19,5,146,-0.071487494,-77.20649332,-0.077206493,-0.063309325,4544408.029
"03-01-2013 18:00",0,0,25,1010,76.47,2.4,0,18,1,3,-0.007862587,-8.49159345,-0.008491593,-0.006963107,3743610.182
"12-09-2014 05:00",0,0,27,1000,89.41,1.3,0,5,9,255,0.025992421,28.07181515,0.028071815,0.023018888,6916964.727
"27-12-2013 14:00",197,648,28,1010,59.5,2.6,615,14,12,361,618.4941406,667973.6719,667.9736719,547.7384109,5535546.116
"23-08-2012 17:00",90,114,31,1000,64.51,1.9,115,17,8,236,120.083519,129690.2005,129.6902005,106.3459644,3153754.124
"10-07-2014 01:00",0,0,27,1000,80.39,3.8,0,1,7,191,0.031735986,34.27486539,0.034274865,0.02810539,6604634.997
"05-06-2014 02:00",0,0,29,1000,88.62,0.8,0,2,6,156,0.160861656,173.7305886,0.173730589,0.142459083,6416289.585
"07-10-2011 03:00",0,0,27,1000,92.44,1.4,0,3,10,280,0.032352634,34.94084448,0.034940844,0.028651492,1515622.515
"15-12-2011 10:00",359,299,27,1010,81.1,4.1,578,10,12,349,579.026001,625348.0811,625.3480811,512.7854265,1808391.902
"11-07-2012 16:00",144,494,34,1000,48.42,0.2,383,16,7,193,382.6846313,413299.4019,413.2994019,338.9055095,2933154.531
"09-11-2013 15:00",174,443,28,1000,67.05,2.7,386,15,11,313,378.7007751,408996.8372,408.9968372,335.3774065,5344769.881
"01-10-2014 19:00",0,0,28,1010,80.21,2.3,0,19,10,274,0.02269654,24.51226294,0.024512263,0.020100056,7020685.212
"21-08-2012 18:00",0,0,29,1000,77.35,2.2,0,18,8,234,0.073039703,78.88287932,0.078882879,0.064683961,3141533.624
"25-02-2013 11:00",208,830,34,1010,24.12,1.8,956,11,2,56,954.9437256,1031339.224,1031.339224,845.6981634,4006351.376
"17-09-2013 05:00",0,0,26,1000,93.54,2.4,0,5,9,260,-0.013230222,-14.28864006,-0.01428864,-0.011716685,5091692.422
"27-09-2012 01:00",0,0,26,1000,94.48,1.9,0,1,9,271,-0.013230222,-14.28864006,-0.01428864,-0.011716685,3325609.019
"24-07-2012",0,0,28,1000,74,4.1,0,0,7,206,0.00045428,0.490622213,0.000490622,0.00040231,2990136.941
"26-11-2011 07:00",101,1,27,1000,89.19,3.2,102,7,11,330,100.783287,108845.95,108.84595,89.25367901,1731076.18
"07-05-2012 23:00",0,0,28,1000,84.22,2.5,0,23,5,128,0.052070312,56.23593718,0.056235937,0.046113468,2579988.841
"08-02-2013 17:00",72,90,28,1000,48.3,3.3,87,17,2,39,88.48711395,95566.08307,95.56608307,78.36418812,3922173.452
"08-08-2011 20:00",0,0,30,1000,71.79,3.6,0,20,8,220,-0.009845959,-10.63363574,-0.010633636,-0.008719581,1206803.47
"22-05-2013 16:00",160,405,34,1000,59.19,2,342,16,5,142,340.3183594,367543.8281,367.5438281,301.3859391,4520547.495
"10-11-2013 03:00",0,0,25,1000,88.44,2.5,0,3,11,314,-0.024339348,-26.28649592,-0.026286496,-0.021554927,5344918.918
"13-09-2014 20:00",0,0,29,1000,77.54,1,0,20,9,256,-0.100330226,-108.3566442,-0.108356644,-0.088852448,6926216.492
"25-08-2012 03:00",0,0,27,1000,80.95,2.6,0,3,8,238,0.047630325,51.44075096,0.051440751,0.042181416,3159949.129
"09-04-2011 17:00",83,101,29,1010,63.56,3.2,104,17,4,99,103.6160812,111905.3677,111.9053677,91.76240154,541280.6149
"21-10-2011",0,0,28,1000,82.31,1.8,0,0,10,294,-0.074557446,-80.52204162,-0.080522042,-0.066028074,1586488.824
"09-01-2012 20:00",0,0,25,1010,83.14,2.8,0,20,1,9,0.024216838,26.15418524,0.026154185,0.021446432,1907458.722
"06-01-2012 17:00",31,7,26,1010,79.35,2.2,32,17,1,6,32.4278717,35022.10144,35.02210144,28.71812318,1893326.401
"21-11-2013 13:00",200,704,29,1000,70.43,2.6,736,13,11,325,741.0012207,800281.3184,800.2813184,656.2306811,5392059.442
"29-05-2014 12:00",236,705,32,1000,71.7,2.1,930,12,5,149,938.9927368,1014112.156,1014.112156,831.5719677,6377972.511
"03-05-2014 10:00",232,690,32,1000,63.93,2.6,866,10,5,123,852.7485962,920968.4839,920.9684839,755.1941568,6229478.313
"21-02-2012 14:00",191,763,34,1000,29.13,2.8,780,14,2,52,776.6400146,838771.2158,838.7712158,687.792397,2126706.563
"28-01-2011 19:00",0,0,24,1010,85.54,2.9,0,19,1,28,0.03835823,41.42688856,0.041426889,0.033970049,128543.5133
"26-01-2012 06:00",0,0,24,1010,91.63,0.8,0,6,1,26,0.014417593,15.57100084,0.015571001,0.012768221,1986318.086
"07-11-2013 11:00",212,745,30,1010,66.49,2.6,858,11,11,311,857.7944336,926417.9883,926.4179883,759.6627504,5332689.766
"01-10-2012",0,0,27,1000,89.51,1.1,0,0,10,275,0.042179197,45.55353284,0.045553533,0.037353897,3339220.221
"20-03-2011 20:00",0,0,27,1000,77.52,3.2,0,20,3,79,-0.035145741,-37.95740023,-0.0379574,-0.031125068,416090.6532
"02-09-2014 05:00",0,0,25,1000,85.23,3.5,0,5,9,245,-0.025599351,-27.64729924,-0.027647299,-0.022670785,6866619.047
"19-03-2011 21:00",0,0,25,1000,79.47,2.9,0,21,3,78,-0.028138263,-30.3893242,-0.030389324,-0.024919246,409820.3185
"03-05-2011 21:00",0,0,30,1000,84.24,3.1,0,21,5,123,-0.132677883,-143.2921135,-0.143292114,-0.117499533,680448.3075
"03-07-2013",0,0,28,1000,64.71,4.9,0,0,7,184,-0.018788151,-20.29120356,-0.020291204,-0.016638787,4738960.203
"10-12-2011 20:00",0,0,26,1010,80.64,2.7,0,20,12,344,-0.009256965,-9.997521713,-0.009997522,-0.008197968,1790655.585
"12-07-2014 12:00",321,483,35,1000,44.15,4.8,798,12,7,193,808.7102661,873407.0874,873.4070874,716.1938117,6613305.384
"10-02-2012 21:00",0,0,25,1010,82.4,2.4,0,21,2,41,-0.030033803,-32.43650682,-0.032436507,-0.026597936,2067410.821
"12-04-2014 19:00",0,0,29,1000,76.12,1.6,0,19,4,102,0.099178635,107.1129254,0.107112925,0.087832599,6103576.449
"20-12-2012 05:00",0,0,24,1010,81.04,2.8,0,5,12,355,-0.049436241,-53.3911407,-0.053391141,-0.043780735,3688235.33
"01-03-2014 01:00",0,0,24,1000,81.86,2.9,0,1,3,60,0.00015244,0.164635498,0.000164635,0.000135001,5841947.158
"10-12-2013 12:00",217,707,29,1000,56.35,3.3,785,12,12,344,784.6081543,847376.8066,847.3768066,694.8489814,5462609.187
"02-01-2013 21:00",0,0,24,1010,84.36,2.1,0,21,1,2,0.006278791,6.781094782,0.006781095,0.005560498,3739101.297
"14-07-2012 15:00",281,37,32,1000,59.21,1.3,307,15,7,196,308.9996643,333719.6375,333.7196375,273.6501027,2947013.625
"06-03-2011 02:00",0,0,26,1000,88.75,0.6,0,2,3,65,0.056324851,60.83083883,0.060830839,0.049881288,324356.8517
"18-03-2011 19:00",0,0,26,1000,71.07,2.6,0,19,3,77,-0.030033803,-32.43650682,-0.032436507,-0.026597936,403546.9383
"04-05-2011 17:00",84,163,31,1000,69.36,0.4,118,17,5,124,118.6190033,128108.5236,128.1085236,105.0489893,686592.4955
"10-10-2013 13:00",336,454,30,1000,74.3,0.4,727,13,10,283,721.2651978,778966.4136,778.9664136,638.7524591,5213194.914
"28-05-2014 08:00",185,541,30,1000,88.64,2.3,518,8,5,148,500.1387939,540149.8975,540.1498975,442.9229159,6368867.611
"23-10-2013 08:00",269,150,27,1000,92.25,1.5,353,8,10,296,352.3410645,380528.3496,380.5283496,312.0332467,5267111.991
"30-04-2011 08:00",173,588,30,1000,81.9,1.2,531,8,4,120,529.1096191,571438.3887,571.4383887,468.5794787,656724.1163
"15-11-2012 19:00",0,0,24,1010,75.23,3.8,0,19,11,320,-0.003996886,-4.316637218,-0.004316637,-0.003539643,3543044.488
"16-11-2014 05:00",0,0,25,1010,86.93,2.6,0,5,11,320,-0.024339348,-26.28649592,-0.026286496,-0.021554927,7206175.578
"24-12-2012 16:00",131,75,27,1000,65.95,3.3,153,16,12,359,152.3529053,164541.1377,164.5411377,134.9237329,3708447.42
"25-05-2013 03:00",0,0,28,1000,72.72,4,0,3,5,145,-0.01586003,-17.12883286,-0.017128833,-0.014045643,4532791.282
"27-11-2014 07:00",128,134,26,1010,75.82,3.4,166,7,11,331,167.0982056,180466.062,180.466062,147.9821708,7254634.044
"05-03-2011 11:00",211,811,34,1000,34.96,0.9,958,11,3,64,957.1037598,1033672.061,1033.672061,847.6110896,321011.862
"19-09-2013 13:00",352,393,31,1000,68.75,3.1,710,13,9,262,709.8553467,766643.7744,766.6437744,628.647895,5106734.35
"13-09-2013 09:00",325,286,28,1000,84.68,2.3,547,9,9,256,546.7944336,590537.9883,590.5379883,484.2411504,5073510.122
"16-05-2012 10:00",293,585,32,1000,69.31,1.6,829,10,5,137,829.9475708,896343.3765,896.3433765,735.0015687,2627573.94
"05-12-2011 20:00",0,0,26,1010,80.14,2.3,0,20,12,339,-0.009256965,-9.997521713,-0.009997522,-0.008197968,1768556.402
"30-11-2011 11:00",203,735,30,1010,69.03,2.8,803,11,11,334,802.1224976,866292.2974,866.2922974,710.3596838,1743025.89
"02-01-2014 21:00",0,0,23,1010,83.3,3.3,0,21,1,2,0.027006183,29.16667745,0.029166677,0.023916676,5561204.919
"31-05-2011 20:00",0,0,30,1000,83.61,2.3,0,20,5,151,-0.094004355,-101.5247038,-0.101524704,-0.083250257,848702.2834
"26-03-2012 05:00",0,0,26,1010,88.58,1.2,0,5,3,86,0.07273671,78.55564713,0.078555647,0.064415631,2315945.388
"01-04-2012 10:00",277,628,35,1010,35.67,2.3,838,10,4,92,835.4379272,902272.9614,902.2729614,739.8638284,2355007.027
"04-06-2014 03:00",0,0,28,1000,89.68,1.7,0,3,6,155,0.131240338,141.7395651,0.141739565,0.116226443,6410483.571
"11-02-2013 22:00",0,0,25,1010,79.17,2.7,0,22,2,42,-0.030033803,-32.43650682,-0.032436507,-0.026597936,3938292.47
"17-03-2013 03:00",0,0,26,1010,86.24,0.5,0,3,3,76,0.056324851,60.83083883,0.060830839,0.049881288,4120077.098
"14-10-2013 05:00",0,0,26,1000,91.58,2.5,0,5,10,287,-0.024339348,-26.28649592,-0.026286496,-0.021554927,5228973.624
"11-07-2013 19:00",0,0,30,1000,68.92,2.3,0,19,7,192,0.029718226,32.09568389,0.032095684,0.026318461,4773853.241
"07-06-2012",0,0,30,1000,67.82,4.7,0,0,6,159,-0.044476323,-48.03442866,-0.048034429,-0.039388231,2749550.382
"21-12-2013 09:00",184,631,27,1010,59.36,2.1,565,9,12,355,565.6392212,610890.3589,610.8903589,500.9300943,5506670.655
"15-01-2014 20:00",0,0,24,1010,81.07,2.6,0,20,1,15,-0.007862587,-8.49159345,-0.008491593,-0.006963107,5618637.269
"06-07-2013 10:00",286,14,33,1000,53.67,3,299,10,7,187,295.3674011,318996.7932,318.9967932,261.5773704,4752254.732
"07-06-2013 16:00",202,130,32,1000,57.08,2.1,262,16,6,158,262.5908813,283598.1519,283.5981519,232.5504845,4603688.098
"06-03-2011 01:00",0,0,26,1000,87.42,1.1,0,1,3,65,0.106860399,115.4092312,0.115409231,0.09463557,324356.8018
"20-06-2011 01:00",0,0,28,1000,64.67,5.1,0,1,6,171,0.028422341,30.69612801,0.030696128,0.025170825,949121.6168
"02-09-2011 06:00",46,72,26,1000,85.87,3,55,6,9,245,54.67650223,59050.62241,59.05062241,48.42151037,1328755.554
"10-07-2014 22:00",0,0,27,1000,71.66,5.5,0,22,7,191,0.14379169,155.2950257,0.155295026,0.127341921,6607779.557
"25-03-2011 18:00",0,0,28,1000,65.33,3.2,0,18,3,84,-0.162017971,-174.979409,-0.174979409,-0.143483115,447137.5055
"18-08-2013 19:00",0,0,28,1000,82.18,2.5,0,19,8,230,0.073039703,78.88287932,0.078882879,0.064683961,4943741.239
"25-09-2014 13:00",187,757,30,1000,79.26,2.1,866,13,9,268,880.8059082,951270.3809,951.2703809,780.0417123,6984638.36
"01-03-2012 06:00",0,0,26,1000,83.65,2.9,0,6,3,61,0.016506711,17.8272479,0.017827248,0.014618343,2168504.851
"26-04-2011 05:00",0,0,28,1000,92.82,0.4,0,5,4,116,0.138841271,149.9485731,0.149948573,0.12295783,631531.6942
"10-03-2011 05:00",0,0,24,1000,88.99,2.3,0,5,3,69,0.014611173,15.78006729,0.015780067,0.012939655,348966.8681
"14-06-2012 05:00",0,0,29,1000,65.16,3.1,0,5,6,166,-0.146903798,-158.6561018,-0.158656102,-0.130098003,2787194.935
"26-09-2012 02:00",0,0,27,1000,88.78,1.3,0,2,9,270,0.025992421,28.07181515,0.028071815,0.023018888,3320290.894
"03-08-2011 11:00",298,517,30,1000,63.18,3.9,805,11,8,215,803.3853149,867656.1401,867.6561401,711.4780349,1176811.927
"26-05-2013 01:00",0,0,29,1000,69.15,4.6,0,1,5,146,0.011000299,11.88032281,0.011880323,0.009741865,4538358.102
"11-04-2014 14:00",232,660,34,1000,46.5,1.5,775,14,4,101,781.2269897,843725.1489,843.7251489,691.8546221,6096554.811
"16-06-2014 06:00",66,61,29,1000,73.36,3.6,77,6,6,167,76.12727356,82217.45544,82.21745544,67.41831346,6472127.274
"02-02-2012 13:00",319,503,30,1010,45.16,3.8,735,13,2,33,729.6850586,788059.8633,788.0598633,646.2090879,2025149.671
"21-08-2013 15:00",297,110,32,1000,61.42,2.7,371,15,8,233,369.3736572,398923.5498,398.9235498,327.1173108,4960351.069
"24-08-2013 07:00",139,313,28,1000,77.37,2.9,254,7,8,236,258.8075867,279512.1936,279.5121936,229.1999988,4972755.786
"04-07-2011 07:00",129,387,28,1000,83.84,2.6,278,7,7,185,281.3953552,303906.9836,303.9069836,249.2037266,1030152.144
"05-04-2013 15:00",201,585,38,1000,33.19,2.8,583,15,4,95,578.3179321,624583.3667,624.5833667,512.1583607,4243014.442
"10-12-2011 05:00",0,0,27,1000,87.16,1.6,0,5,12,344,0.035302661,38.12687427,0.038126874,0.031264037,1786035.99
"25-01-2013 08:00",149,503,28,1010,58.33,2.7,360,8,1,25,359.4558411,388212.3083,388.2123083,318.3340928,3843892.16
"15-11-2014 15:00",175,462,29,1000,70.03,2.7,393,15,11,319,395.4926147,427132.0239,427.1320239,350.2482596,7206027.051
"25-02-2011 01:00",0,0,26,1000,82.45,1.7,0,1,2,56,0.03408755,36.81455389,0.036814554,0.030187934,272202.0243
"23-09-2013 21:00",0,0,28,1000,74.07,2.6,0,21,9,266,0.005347255,5.775035061,0.005775035,0.004735529,5130383.415
"20-01-2013 07:00",81,240,25,1010,74.86,2.4,128,7,1,20,128.6689606,138962.4774,138.9624774,113.9492315,3818273.52
"12-08-2011 20:00",0,0,29,1000,79.96,2.8,0,20,8,224,0.074935205,80.9300217,0.080930022,0.066362618,1230197.402
"22-08-2011 08:00",168,5,29,1000,83.82,1.7,171,8,8,234,170.1626892,183775.7043,183.7757043,150.6960776,1274947.955
"26-03-2014 20:00",0,0,27,1010,64.83,2.6,0,20,3,85,0.013571332,14.65703879,0.014657039,0.012018772,5997303.706
"04-10-2013 22:00",0,0,27,1000,82.2,3.3,0,22,10,277,-0.003996886,-4.316637218,-0.004316637,-0.003539643,5185101.297
"11-06-2014 06:00",45,0,28,1000,73.22,4.1,45,6,6,162,44.10387802,47632.18826,47.63218826,39.05839438,6445349.448
"30-07-2012 01:00",0,0,28,1000,65.93,4.4,0,1,7,212,-0.030393161,-32.82461375,-0.032824614,-0.026916183,3021774.778
"08-03-2013 03:00",0,0,26,1010,87.1,1.2,0,3,3,67,0.07273671,78.55564713,0.078555647,0.064415631,4065221.035
"22-04-2014 23:00",0,0,28,1010,81.99,2.5,0,23,4,112,0.004869788,5.25937099,0.005259371,0.004312684,6165897.962
"29-10-2014 21:00",0,0,26,1010,87.19,2.9,0,21,10,302,0.007355149,7.943560816,0.007943561,0.00651372,7141289.695
"04-02-2013 22:00",0,0,24,1010,83.27,2.5,0,22,2,35,-0.030033803,-32.43650682,-0.032436507,-0.026597936,3901107.854
"25-08-2012 23:00",0,0,28,1000,78.23,1.9,0,23,8,238,0.073039703,78.88287932,0.078882879,0.064683961,3165135.584
"24-07-2013 10:00",295,13,31,1000,54.6,4.8,307,10,7,205,310.5192261,335360.7642,335.3607642,274.9958266,4827599.507
"14-07-2014 23:00",0,0,29,1000,68.36,4.7,0,23,7,195,0.088412039,95.4850021,0.095485002,0.078297702,6624122.369
"14-03-2011 14:00",199,744,33,1000,41.32,3.3,800,14,3,73,803.6310425,867921.5259,867.9215259,711.6956512,378111.3307
"20-08-2013 23:00",0,0,27,1000,81.94,4.3,0,23,8,232,0.042820938,46.24661297,0.046246613,0.037922223,4955210.218
"20-05-2013 05:00",0,0,28,1000,86.09,3.8,0,5,5,140,0.000494255,0.533794882,0.000533795,0.000437712,4502193.474
"30-10-2011 22:00",0,0,27,1000,87.26,1.8,0,22,10,303,0.001934389,2.089140373,0.00208914,0.001713095,1625960.183
"19-02-2013 02:00",0,0,24,1000,94.16,2.3,0,2,2,50,0.014611173,15.78006729,0.015780067,0.012939655,3968861.319
"26-01-2014 18:00",0,0,24,1010,72.96,3.4,0,18,1,26,0.027006183,29.16667745,0.029166677,0.023916676,5672348.923
"22-08-2012 02:00",0,0,27,1000,86.3,2.4,0,2,8,235,0.081678905,88.21321696,0.088213217,0.072334838,3141533.942
"02-08-2011 02:00",0,0,27,1000,73.59,4.1,0,2,8,214,0.031735986,34.27486539,0.034274865,0.02810539,1170784.55
"04-05-2012 01:00",0,0,28,1000,89.74,4.4,0,1,5,125,0.000494255,0.533794882,0.000533795,0.000437712,2556509.24
"17-02-2014 17:00",20,0,26,1010,78.13,3,20,17,2,48,20.69016075,22345.37361,22.34537361,18.32320636,5785164.196
"03-03-2014 03:00",0,0,25,1010,78.24,2.1,0,3,3,62,-0.001743103,-1.882551396,-0.001882551,-0.001543692,5853342.31
"23-02-2012 06:00",0,0,25,1000,87.13,0.5,0,6,2,54,-0.002153317,-2.325582085,-0.002325582,-0.001906977,2133425.851
"31-03-2011",0,0,26,1000,82.85,3.4,0,0,3,90,-0.017637452,-19.04844828,-0.019048448,-0.015619728,478125.2467
"16-10-2011 13:00",348,406,32,1000,64.47,1.6,692,13,10,289,695.9998169,751679.8022,751.6798022,616.3774378,1564866.517
"31-08-2013 19:00",0,0,28,1000,79.94,2.2,0,19,8,243,0.073039703,78.88287932,0.078882879,0.064683961,5018276.372
"01-05-2014 12:00",242,722,36,1000,40.85,3.1,960,12,5,121,954.3695068,1030719.067,1030.719067,845.1896353,6218718.082
"24-10-2011 17:00",3,0,27,1000,87.28,2.8,3,17,10,297,3.134650469,3385.422506,3.385422506,2.776046455,1605747.24
"05-04-2011 03:00",0,0,27,1000,90.67,3.7,0,3,4,95,-0.001283181,-1.38583512,-0.001385835,-0.001136385,509751.2013
"20-11-2013",0,0,25,1010,87.42,3.2,0,0,11,324,-0.025926057,-28.00014183,-0.028000142,-0.022960116,5383302.628
"29-11-2013 18:00",0,0,25,1010,80.35,2.3,0,18,11,333,-0.012206991,-13.1835505,-0.01318355,-0.010810511,5426173.555
"29-10-2013",0,0,27,1000,90.34,0.9,0,0,10,302,-0.008356349,-9.0248565,-0.009024857,-0.007400382,5287763.484
"02-05-2011 09:00",232,616,32,1000,66.65,1,718,9,5,122,718.7342529,776232.9932,776.2329932,636.5110544,669562.5355
"08-07-2011 07:00",153,241,30,1000,63.17,1.8,245,7,7,189,243.6007233,263088.7811,263.0887811,215.7328005,1046731.899
"07-04-2012 16:00",136,519,33,1000,40.67,3.8,364,16,4,98,359.6078796,388376.51,388.37651,318.4687382,2397533.895
"22-10-2013 09:00",249,8,27,1000,89.03,2.2,255,9,10,295,256.1989136,276694.8267,276.6948267,226.8897579,5264530.972
"31-10-2012 09:00",337,41,27,1000,91.46,5.1,367,9,10,305,366.3652344,395674.4531,395.6744531,324.4530516,3471190.498
"26-08-2012 16:00",196,215,31,1000,63.4,2.6,293,16,8,239,302.9562988,327192.8027,327.1928027,268.2980982,3168247.537
"22-10-2012 16:00",110,298,28,1000,73.97,2.8,199,16,10,296,200.4246063,216458.5748,216.4585748,177.4960314,3438761.212
"15-11-2014",0,0,25,1010,91.19,2.3,0,0,11,319,-0.024339348,-26.28649592,-0.026286496,-0.021554927,7201376.192
"18-05-2013 15:00",204,545,34,1000,53.61,2.2,559,15,5,138,561.6303711,606560.8008,606.5608008,497.3798566,4495640.794
"09-06-2014 13:00",286,5,32,1000,64.88,1.3,291,13,6,160,286.2132874,309110.3503,309.1103503,253.4704873,6439129.362
"30-06-2014 03:00",0,0,27,1000,80.95,4.1,0,3,6,181,0.078946456,85.26217282,0.085262173,0.069914982,6551089.992
"19-02-2012 18:00",0,0,26,1010,66.97,3.1,0,18,2,50,-0.020044986,-21.64858505,-0.021648585,-0.01775184,2116063.681
"28-06-2013 23:00",0,0,29,1000,71.49,4.1,0,23,6,179,0.106491409,115.010722,0.115010722,0.094308792,4715509.356
"28-04-2012 11:00",403,395,32,1000,67.86,2.8,794,11,4,119,793.774353,857276.3013,857.2763013,702.966567,2523019.195
"29-06-2014 09:00",215,598,32,1000,68.94,2.8,675,9,6,180,682.7919312,737415.2856,737.4152856,604.6805342,6546680.132
"04-04-2013 20:00",0,0,29,1000,63.47,3,0,20,4,94,-0.14843595,-160.3108263,-0.160310826,-0.131454878,4237240.729
"07-05-2012 11:00",304,601,34,1000,56.59,0.9,897,11,5,128,892.6099854,964018.7842,964.0187842,790.495403,2576912.725
"05-02-2014 09:00",190,659,30,1010,42.4,0.5,599,9,2,36,608.2371826,656896.1572,656.8961572,538.6548489,5719927.593
"10-09-2013 08:00",140,634,28,1000,91.23,1.5,514,8,9,253,514.9732666,556171.1279,556.1711279,456.0603249,5065207.272
"08-12-2011 06:00",4,0,25,1010,81.7,2.4,4,6,12,342,3.052613497,3296.822577,3.296822577,2.703394513,1777646.134
"20-01-2011 21:00",0,0,24,1010,81.92,1.7,0,21,1,20,0.027968068,30.20551309,0.030205513,0.024768521,88563.12917
"20-03-2012 19:00",0,0,29,1000,66.99,4,0,19,3,80,0.105923265,114.3971264,0.114397126,0.093805644,2284809.501
"07-11-2011 16:00",98,326,27,1000,69.51,2.9,186,16,11,311,182.1283722,196698.642,196.698642,161.2928864,1651317.989
"13-01-2011 20:00",0,0,23,1010,79.05,3,0,20,1,13,0.017209355,18.58610317,0.018586103,0.015240605,54338.64533
"09-12-2011",0,0,26,1000,89.55,3,0,0,12,343,-0.025559573,-27.6043383,-0.027604338,-0.022635557,1781688.938
"21-03-2013 04:00",0,0,27,1000,84.77,0.5,0,4,3,80,0.056324851,60.83083883,0.060830839,0.049881288,4144787.407
"15-02-2013 20:00",0,0,26,1010,75.73,2.7,0,20,2,46,-0.030033803,-32.43650682,-0.032436507,-0.026597936,3955977.737
"02-08-2012 11:00",217,733,39,1000,31.85,4.6,934,11,8,215,936.4744263,1011392.38,1011.39238,829.3417519,3039981.886
"23-03-2011 13:00",208,799,36,1000,27.93,2.5,949,13,3,82,943.916748,1019430.088,1019.430088,835.9326721,433110.9299
"17-07-2012 03:00",0,0,27,1000,85.11,3.1,0,3,7,199,0.076566972,82.69232959,0.08269233,0.06780771,2956335.232
"12-05-2011 16:00",175,369,34,1000,48.61,1.1,340,16,5,132,342.1268005,369496.9446,369.4969446,302.9874946,735905.2817
"22-05-2013 02:00",0,0,28,1000,89.52,3.8,0,2,5,142,0.000494255,0.533794882,0.000533795,0.000437712,4514515.136
"09-10-2014 20:00",0,0,29,1000,83.34,0.9,0,20,10,282,0.038679585,41.77395165,0.041773952,0.03425464,7063194.608
"23-07-2011 16:00",170,10,33,1000,47.07,3,175,16,7,204,174.5782623,188544.5233,188.5445233,154.6065091,1128432.955
"27-10-2012 03:00",0,0,25,1000,86.77,3,0,3,10,301,-0.025926057,-28.00014183,-0.028000142,-0.022960116,3456757.009
"19-07-2011 23:00",0,0,29,1000,73.03,4.3,0,23,7,200,0.077724554,83.94251794,0.083942518,0.068832865,1110651.667
"06-03-2011 11:00",211,814,34,1010,28.56,1.7,963,11,3,65,961.763855,1038704.963,1038.704963,851.73807,327078.8743
"03-05-2011 17:00",90,91,32,1000,67.66,1.3,109,17,5,123,110.1335297,118944.212,118.944212,97.53425387,680446.3225
"26-03-2011 09:00",324,399,33,1010,49.71,0.8,620,9,3,85,618.0743408,667520.2881,667.5202881,547.3666362,448336.1094
"25-04-2014 11:00",252,717,41,1000,26.62,2.1,961,11,4,115,949.5977173,1025565.535,1025.565535,840.9637384,6181323.986
"24-08-2013 23:00",0,0,28,1000,79.78,3.4,0,23,8,236,0.077724554,83.94251794,0.083942518,0.068832865,4978479.023
"04-03-2011 21:00",0,0,25,1010,76.83,2.3,0,21,3,63,-0.030033803,-32.43650682,-0.032436507,-0.026597936,318234.0206
"14-02-2013 15:00",164,642,29,1000,60.05,2.9,550,15,2,45,549.5057373,593466.1963,593.4661963,486.642281,3952471.904
"13-11-2012 07:00",114,352,25,1010,75.55,2.9,223,7,11,318,223.2420502,241101.4142,241.1014142,197.7031596,3529146.9
"16-07-2014 06:00",56,33,27,1000,73.22,3.2,61,6,7,197,61.52417374,66446.10764,66.44610764,54.48580826,6629434.039
"07-06-2011 23:00",0,0,29,1000,74.94,3.3,0,23,6,158,0.106491409,115.010722,0.115010722,0.094308792,887681.0116
"07-01-2011 11:00",202,725,27,1000,74.72,4.6,780,11,1,7,777.2449341,839424.5288,839.4245288,688.3281136,24348.33917
"15-05-2013 07:00",166,312,30,1000,79.16,2,293,7,5,135,291.7384338,315077.5085,315.0775085,258.363557,4472672.47
"27-08-2011 16:00",173,40,29,1000,77.78,3.4,191,16,8,239,189.5274353,204689.6301,204.6896301,167.8454967,1305208.983
"21-01-2013 15:00",177,609,29,1010,37.94,3.7,508,15,1,21,507.905304,548537.7283,548.5377283,449.8009372,3827852.529
"23-10-2013 17:00",3,0,27,1000,86.7,1.2,3,17,10,296,3.149738312,3401.717377,3.401717377,2.789408249,5270320.308
"19-11-2014 21:00",0,0,25,1010,83.47,2.7,0,21,11,323,-0.012206991,-13.1835505,-0.01318355,-0.010810511,7224970.676
"11-03-2014 06:00",7,0,26,1010,76.06,1.6,7,6,3,70,6.138614178,6629.703312,6.629703312,5.436356716,5897894.913
"04-09-2011 06:00",46,72,26,1000,82.92,2.6,55,6,9,247,54.69509888,59070.70679,59.07070679,48.43797957,1337910.237
"07-11-2014 22:00",0,0,26,1010,85.56,1.3,0,22,11,311,0.041157037,44.44959998,0.0444496,0.036448672,7175846.473
"25-03-2012 16:00",184,399,32,1000,32.38,3.3,359,16,3,85,359.0806274,387807.0776,387.8070776,318.0018037,2315853.237
"17-10-2011 20:00",0,0,28,1000,80.5,1.8,0,20,10,290,0.02269654,24.51226294,0.024512263,0.020100056,1570686.247
"23-09-2014 22:00",0,0,27,1000,86.87,2.5,0,22,9,266,-0.015414934,-16.64812837,-0.016648128,-0.013651465,6974407.897
"14-10-2013 20:00",0,0,29,1000,78.83,1.6,0,20,10,287,0.079388551,85.73963553,0.085739636,0.070306501,5234149.465
"28-04-2014 18:00",0,0,29,1000,73.06,3.5,0,18,4,118,0.00955467,10.31904381,0.010319044,0.008461616,6202835.653
"12-09-2014 10:00",379,385,31,1000,73.24,0.5,728,10,9,255,714.6455688,771817.2144,771.8172144,632.8901158,6918388.466
"29-01-2011 06:00",0,0,25,1010,83.98,2.3,0,6,1,29,0.031182094,33.67666103,0.033676661,0.027614862,128543.7573
"27-04-2013 10:00",310,523,33,1010,56.3,1.3,790,10,4,117,793.5809937,857067.4731,857.0674731,702.795328,4370855.576
"13-09-2013 22:00",0,0,27,1000,90.49,0.8,0,22,9,256,-0.011318098,-12.22354565,-0.012223546,-0.010023307,5076030.653
"22-06-2011 11:00",219,724,39,1000,33.17,3.7,921,11,6,173,919.9804688,993578.9063,993.5789063,814.7347031,964344.7876
"29-06-2012",0,0,27,1000,82.17,4.1,0,0,6,181,0.078946456,85.26217282,0.085262173,0.069914982,2864390.282
"24-11-2013 14:00",297,240,28,1000,79.62,1.9,450,14,11,328,448.4049683,484277.3657,484.2773657,397.1074399,5404965.228
"07-10-2012 19:00",0,0,28,1000,85.68,1.9,0,19,10,281,0.036837913,39.78494614,0.039784946,0.032623656,3375349.424
"14-02-2012 15:00",168,672,31,1000,39.84,2.2,571,15,2,45,573.2264404,619084.5557,619.0845557,507.6493356,2087292.444
"20-02-2013 08:00",143,570,28,1010,61.53,2.3,407,8,2,51,398.461731,430338.6694,430.3386694,352.8777089,3974964.796
"26-08-2011 20:00",0,0,28,1000,83.39,3,0,20,8,238,0.067927726,73.36194366,0.073361944,0.060156794,1299970.999
"12-02-2014 14:00",207,710,31,1000,37.91,2.2,742,14,2,43,738.7509155,797850.9888,797.8509888,654.2378108,5762637.583
"12-10-2014 19:00",0,0,29,1000,82.54,3.6,0,19,10,285,0.03090666,33.37919332,0.033379193,0.027370939,7074307.736
"21-04-2011 23:00",0,0,27,1000,89.45,2.2,0,23,4,111,-0.015892431,-17.16382563,-0.017163826,-0.014074337,613256.2762
"03-11-2012 10:00",210,704,30,1000,72.43,2.5,788,10,11,308,779.8670654,842256.4307,842.2564307,690.6502731,3482780.085
"26-02-2013 17:00",78,121,27,1010,50.47,3.1,101,17,2,57,100.3558731,108384.343,108.384343,88.87516122,4015789.02
"15-08-2014 12:00",200,754,29,1000,77.44,1.5,953,12,8,227,939.6109619,1014779.839,1014.779839,832.1194679,6782808.853
"20-04-2011 17:00",87,114,28,1000,82.18,2.7,111,17,4,110,108.9419785,117657.3367,117.6573367,96.47901612,609568.1564
"05-12-2011 13:00",234,631,30,1000,62.67,1.9,705,13,12,339,712.5982056,769606.062,769.606062,631.0769708,1767562.222
"03-06-2014 09:00",218,608,32,1000,71.59,1.3,695,9,6,154,697.3141479,753099.2798,753.0992798,617.5414094,6405880.186
"15-05-2014 10:00",229,682,32,1000,64.8,2.8,855,10,5,135,833.9346924,900649.4678,900.6494678,738.5325636,6292577.931
"23-07-2014 17:00",101,80,33,1000,53.11,4.2,122,17,7,204,115.8684845,125137.9633,125.1379633,102.6131299,6672073.812
"10-07-2014 23:00",0,0,27,1000,72.41,5.6,0,23,7,191,0.14379169,155.2950257,0.155295026,0.127341921,6607779.684
"05-05-2012 13:00",299,598,34,1000,53.85,0.9,859,13,5,126,862.2770386,931259.2017,931.2592017,763.6325454,2566943.281
"12-09-2012",0,0,29,1000,77.56,1.8,0,0,9,256,-0.063448332,-68.52419883,-0.068524199,-0.056189843,3243149.718
"07-12-2011 23:00",0,0,24,1010,79.69,3.1,0,23,12,341,-0.013427204,-14.50138081,-0.014501381,-0.011891132,1777643.703
"29-05-2012 08:00",209,11,33,1000,52.21,3,216,8,5,150,216.2559052,233556.3776,233.5563776,191.5162296,2698595.808
"13-04-2014 14:00",232,659,32,1000,53.98,2.4,774,14,4,103,777.6521606,839864.3335,839.8643335,688.6887535,6108754.314
"18-12-2014 12:00",327,453,28,1010,71.32,3.7,690,12,12,352,690.9256592,746199.7119,746.1997119,611.8837638,7334380.631
"28-04-2012 14:00",184,709,32,1000,63.99,2.5,766,14,4,119,763.5310669,824613.5522,824.6135522,676.1831128,2525224.752
"25-09-2014 09:00",174,689,29,1000,83.46,1.5,703,9,9,268,703.5875854,759874.5923,759.8745923,623.0971657,6981517.979
"28-11-2011 14:00",106,0,28,1000,79.7,2.9,106,14,11,332,105.7523499,114212.5378,114.2125378,93.65428103,1738450.227
"12-05-2011 11:00",257,687,35,1000,54.8,2.6,934,11,5,132,932.4477539,1007043.574,1007.043574,825.7757309,732843.6248
"13-03-2012 10:00",236,676,32,1010,53.46,2.1,815,10,3,73,803.178772,867433.0737,867.4330737,711.2951205,2238640.822
"14-12-2012 03:00",0,0,25,1010,90.15,1.2,0,3,12,349,-0.000880621,-0.951070832,-0.000951071,-0.000779878,3661489.426
"28-02-2011 11:00",313,606,32,1010,45.91,3.1,864,11,2,59,861.2515259,930151.6479,930.1516479,762.7243513,291053.205
"28-08-2013 09:00",233,532,30,1000,77.75,1.6,645,9,8,240,641.9532471,693309.5068,693.3095068,568.5137956,4996391.938
"28-02-2013 02:00",0,0,26,1010,88.28,0.9,0,2,2,59,-0.002153317,-2.325582085,-0.002325582,-0.001906977,4021778.289
"01-09-2011 08:00",150,604,28,1000,81.63,3.1,506,8,9,244,505.8355408,546302.384,546.302384,447.9679549,1323783.83
"29-11-2011 11:00",266,11,28,1010,80.93,3.6,275,11,11,333,274.8539124,296842.2253,296.8422253,243.4106248,1739757.325
"27-08-2011 23:00",0,0,27,1000,82.49,3.4,0,23,8,239,0.042820938,46.24661297,0.046246613,0.037922223,1305305.207
"24-10-2011",0,0,27,1000,90.23,1.1,0,0,10,297,0.042179197,45.55353284,0.045553533,0.037353897,1601703.348
"10-02-2013 09:00",223,573,31,1010,47.32,2.9,585,9,2,41,588.4561768,635532.6709,635.5326709,521.1367901,3928647.839
"16-06-2011 11:00",258,660,36,1000,42.65,5,899,11,6,167,899.9944458,971994.0015,971.9940015,797.0350812,929127.7202
"10-06-2012 11:00",376,109,39,1000,29.3,4.5,482,11,6,162,479.2737732,517615.675,517.615675,424.4448535,2767778.264
"13-08-2012",0,0,29,1000,69.97,3.2,0,0,8,226,-0.056403477,-60.91575488,-0.060915755,-0.049950919,3089657.089
"07-07-2014 07:00",116,0,30,1000,69.43,2.1,116,7,7,188,112.2911987,121274.4946,121.2744946,99.4450856,6591097.615
"04-03-2011 13:00",208,799,34,1000,35.43,1.5,926,13,3,63,927.8530884,1002081.335,1002.081335,821.7066951,316590.3468
"23-10-2011 17:00",4,0,27,1000,87.01,1.8,4,17,10,296,3.129229546,3379.567909,3.379567909,2.771245686,1601703.115
"05-10-2011 21:00",0,0,28,1000,83.38,2.2,0,21,10,278,0.02269654,24.51226294,0.024512263,0.020100056,1511517.747
"13-04-2014 18:00",0,0,29,1000,74.85,2.6,0,18,4,103,0.004869788,5.25937099,0.005259371,0.004312684,6109580.799
"23-06-2011 21:00",0,0,31,1000,71.29,2.3,0,21,6,174,0.026911905,29.06485744,0.029064857,0.023833183,973610.993
"26-09-2012 15:00",219,36,29,1000,84.26,0.5,241,15,9,270,239.5577393,258722.3584,258.7223584,212.1523339,3325555.581
"11-06-2013 07:00",172,119,29,1000,62.69,3.7,220,7,6,162,220.6663818,238319.6924,238.3196924,195.4221478,4620675.21
"25-12-2011 09:00",185,626,27,1010,64.17,3.7,560,9,12,359,564.5490723,609712.998,609.712998,499.9646584,1845820.497
"09-02-2014 18:00",0,0,25,1000,62.76,3.3,0,18,2,40,-0.1139846,-123.1033677,-0.123103368,-0.100944762,5746833.32
"18-02-2013 03:00",0,0,25,1000,95.29,1.3,0,3,2,49,0.032972496,35.61029568,0.035610296,0.029200442,3965457.331
"11-04-2014 18:00",0,0,30,1000,69.82,2.6,0,18,4,101,-0.044570081,-48.13568741,-0.048135687,-0.039471264,6097469.413
"26-02-2012 12:00",208,827,36,1000,20.65,2.8,975,12,2,57,974.7084351,1052685.11,1052.68511,863.2017901,2153860.981
"27-12-2014 02:00",0,0,24,1010,81.14,2.6,0,2,12,361,-0.05227346,-56.45533651,-0.056455337,-0.046293376,7367426.081
"04-08-2013 11:00",197,752,35,1000,43.88,2.7,934,11,8,216,931.7946167,1006338.186,1006.338186,825.1973125,4884588.176
"06-05-2011 17:00",89,79,31,1000,83.23,4.1,106,17,5,126,106.1799316,114674.3262,114.6743262,94.03294746,698827.5177
"29-04-2012 03:00",0,0,27,1000,92.09,2.8,0,3,4,120,0.016506711,17.8272479,0.017827248,0.014618343,2526160.107
"01-07-2014 23:00",0,0,28,1000,79.9,3.7,0,23,7,182,0.077724554,83.94251794,0.083942518,0.068832865,6562225.035
"10-10-2013 12:00",403,277,30,1000,73.85,0.6,661,12,10,283,654.4648438,706822.0313,706.8220313,579.5940656,5212556.162
"17-04-2011 10:00",299,619,34,1010,48.95,1.8,864,10,4,107,868.1429443,937594.3799,937.5943799,768.8273915,587098.8222
"27-01-2014 07:00",87,99,25,1010,70.78,2.9,107,7,1,27,107.4004059,115992.4384,115.9924384,95.11379945,5672444.311
"08-04-2012 05:00",0,0,26,1000,93.99,2.3,0,5,4,99,0.014611173,15.78006729,0.015780067,0.012939655,2397634.922
"28-02-2013 18:00",0,0,26,1010,63.44,3.1,0,18,2,59,-0.183339536,-198.0066991,-0.198006699,-0.162365493,4027716.785
"28-05-2012",0,0,29,1000,75.06,4.3,0,0,5,149,-0.01586003,-17.12883286,-0.017128833,-0.014045643,2692695.463
"09-10-2011 18:00",0,0,29,1000,82.24,1.2,0,18,10,282,0.043205239,46.66165799,0.046661658,0.03826256,1532130.405
"02-07-2011 15:00",183,591,32,1000,53.37,1.2,581,15,7,183,580.8282471,627294.5068,627.2945068,514.3814956,1025034.646
"08-08-2011 01:00",0,0,28,1000,82.62,3.8,0,1,8,220,-0.09404619,-101.5698856,-0.101569886,-0.083287306,1200857.884
"24-04-2013 07:00",173,255,29,1010,79.51,1.6,272,7,4,114,273.8694763,295779.0344,295.7790344,242.5388082,4352737.447
"09-04-2012 17:00",82,126,31,1000,54.63,4.3,108,17,4,100,107.8915024,116522.8226,116.5228226,95.54871451,2410193.386
"24-04-2012 16:00",132,500,30,1000,65.5,2.7,353,16,4,115,349.572998,377538.8379,377.5388379,309.5818471,2502610.804
"13-11-2011 04:00",0,0,27,1010,84.78,1.2,0,4,11,317,-0.003830652,-4.137104144,-0.004137104,-0.003392425,1676992.296
"24-08-2014 21:00",0,0,28,1000,88.31,3,0,21,8,236,0.07288444,78.71519566,0.078715196,0.06454646,6833394.353
"28-07-2014 09:00",305,29,30,1000,60.91,4.4,328,9,7,209,327.0694275,353234.9817,353.2349817,289.652685,6693545.519
"11-11-2013 13:00",202,715,30,1000,64.64,2.1,760,13,11,315,756.3213501,816827.0581,816.8270581,669.7981876,5352512.858
"10-06-2011 13:00",221,657,35,1000,47.33,2.9,832,13,6,161,825.6403198,891691.5454,891.6915454,731.1870672,903273.2079
"06-12-2013 06:00",3,0,25,1000,84.7,3.7,3,6,12,340,3.080893993,3327.365513,3.327365513,2.728439721,5445748.893
"04-04-2012 05:00",0,0,26,1010,87.05,2.5,0,5,4,95,0.014611173,15.78006729,0.015780067,0.012939655,2372006.887
"05-11-2013 02:00",0,0,26,1010,84.76,3,0,2,11,309,-0.025926057,-28.00014183,-0.028000142,-0.022960116,5320696.988
"09-08-2013 04:00",0,0,27,1000,84.44,2.9,0,4,8,221,0.083574452,90.26040763,0.090260408,0.074013534,4908008.474
"15-10-2013 09:00",188,674,30,1010,80.78,1.6,690,9,10,288,691.1300049,746420.4053,746.4204053,612.0647323,5235225.91
"21-04-2013 09:00",217,636,31,1000,68.6,3.8,716,9,4,111,718.9257813,776439.8438,776.4398438,636.6806719,4337665.86
"29-08-2013 04:00",0,0,27,1000,94.98,1.9,0,4,8,241,0.081678905,88.21321696,0.088213217,0.072334838,5000728.982
"28-04-2014 12:00",315,623,34,1000,51.27,2.6,935,12,4,118,936.3896484,1011300.82,1011.30082,829.2666727,6200729.16
"11-05-2014 19:00",0,0,30,1000,83.16,1.8,0,19,5,131,-0.061839093,-66.78621992,-0.06678622,-0.0547647,6272415.761
"10-06-2014 11:00",290,538,35,1000,51.24,2.4,814,11,6,161,813.3425903,878409.9976,878.4099976,720.296198,6442169.003
"23-08-2014 05:00",0,0,27,1000,94.45,1.2,0,5,8,235,0.102187604,110.362612,0.110362612,0.090497342,6825271.521
"06-06-2014 10:00",234,658,35,1000,57.47,2.2,831,10,6,157,825.5999146,891647.9077,891.6479077,731.1512843,6423664.187
"26-01-2014 10:00",202,718,29,1010,53.42,3.3,736,10,1,26,739.3295288,798475.8911,798.4758911,654.7502307,5668798.1
"10-02-2011 16:00",167,424,26,1000,61.12,2.7,333,16,2,41,331.0544128,357538.7659,357.5387659,293.181788,197673.0777
"15-07-2012 09:00",254,9,31,1000,66.01,2.5,261,9,7,197,259.969635,280767.2058,280.7672058,230.2291088,2948045.896
"16-11-2011 01:00",0,0,25,1010,88.07,3,0,1,11,320,-0.025926057,-28.00014183,-0.028000142,-0.022960116,1691668.298
"02-04-2012",0,0,27,1010,86.15,1.8,0,0,4,93,0.014611173,15.78006729,0.015780067,0.012939655,2359278.173
"11-09-2014 17:00",66,99,29,1000,77.99,2.1,83,17,9,254,81.45400238,87970.32257,87.97032257,72.13566451,6916964.645
"16-10-2014 13:00",206,716,30,1000,72.51,2.6,812,13,10,289,806.243042,870742.4854,870.7424854,714.008838,7093924.525
"20-04-2014 13:00",249,715,38,1000,25.57,2.3,921,13,4,110,913.4936523,986573.1445,986.5731445,808.9899785,6151841.497
"05-01-2013 05:00",0,0,25,1010,88.15,1.8,0,5,1,5,0.031182094,33.67666103,0.033676661,0.027614862,3748274.86
"05-10-2013 02:00",0,0,26,1000,89.59,3.4,0,2,10,278,-0.03670847,-39.64514807,-0.039645148,-0.032509021,5185101.19
"06-10-2013 21:00",0,0,28,1000,77.14,2.8,0,21,10,279,0.028117333,30.36671922,0.030366719,0.02490071,5196229.218
"11-05-2013 11:00",254,696,36,1000,48.11,0.5,940,11,5,131,940.5294189,1015771.772,1015.771772,832.9328534,4456241.032
"15-05-2012 14:00",276,544,33,1000,64.71,1.9,722,14,5,136,719.4279785,776982.2168,776.9822168,637.1254178,2624665.077
"14-04-2012 02:00",0,0,27,1000,86.64,2.6,0,2,4,105,0.014611173,15.78006729,0.015780067,0.012939655,2435623.235
"10-07-2014 17:00",47,0,30,1000,61.76,4.5,47,17,7,191,46.77903366,50521.35635,50.52135635,41.42751221,6607778.432
"13-11-2014 04:00",0,0,25,1000,90.9,2.8,0,4,11,317,-0.018918574,-20.43205976,-0.02043206,-0.016754289,7195162.593
"09-07-2013 06:00",58,30,27,1000,72.56,4.1,63,6,7,190,63.37185287,68441.6011,68.4416011,56.12211291,4763012.291
"07-07-2013 20:00",0,0,30,1000,71.24,2.6,0,20,7,188,0.019030739,20.55319771,0.020553198,0.016853622,4759476.041
"14-10-2011 16:00",70,0,28,1000,82.7,1.6,70,16,10,287,72.18663025,77961.56067,77.96156067,63.92847975,1555901.005
"11-01-2013 12:00",390,357,31,1010,46.69,2.4,683,12,1,11,684.5510254,739315.1074,739.3151074,606.2383881,3779777.954
"05-07-2013 14:00",375,123,36,1000,37.67,1.5,478,14,7,186,477.803833,516028.1396,516.0281396,423.1430745,4750935.211
"14-09-2011 20:00",0,0,29,1000,82.38,1.9,0,20,9,257,0.005347255,5.775035061,0.005775035,0.004735529,1398798.765
"31-05-2013 18:00",0,0,29,1000,82.04,2.8,0,18,5,151,0.039824478,43.01043659,0.043010437,0.035268558,4569292.442
"09-03-2011 18:00",0,0,27,1000,55.64,3.5,0,18,3,68,-0.05148666,-55.60559258,-0.055605593,-0.045596586,348967.0598
"11-10-2014 16:00",122,7,31,1000,79.05,2.5,125,16,10,284,123.284935,133147.7298,133.1477298,109.1811384,7070337.39
"01-01-2011 10:00",192,688,28,1000,75.09,1.7,688,10,1,1,682.4352417,737030.061,737.030061,604.36465,1504.204071
"28-09-2011 10:00",269,566,32,1000,72.24,1.4,775,10,9,271,785.163147,847976.1987,847.9761987,695.340483,1472417.1
"26-04-2014 09:00",280,492,33,1000,59.28,2.6,667,9,4,116,661.2385254,714137.6074,714.1376074,585.5928381,6185882.368
"23-08-2013 18:00",0,0,29,1000,73.19,3.2,0,18,8,235,0.067927726,73.36194366,0.073361944,0.060156794,4972484.48
"19-12-2013",0,0,23,1010,81.31,2.2,0,0,12,353,-0.05227346,-56.45533651,-0.056455337,-0.046293376,5496190.347
"12-09-2011 06:00",17,0,27,1000,87.13,2,17,6,9,255,15.2838192,16506.52473,16.50652473,13.53535028,1383452.475
"17-04-2011 11:00",221,753,33,1000,48.96,2.3,963,11,4,107,953.9921265,1030311.497,1030.311497,844.8554272,587943.6777
"28-05-2014 17:00",95,102,30,1000,84.69,3.2,119,17,5,148,123.5958176,133483.483,133.483483,109.456456,6374162.892
"05-11-2012 23:00",0,0,25,1000,88.73,3.1,0,23,11,310,0.000347661,0.375473723,0.000375474,0.000307888,3494955.698
"24-09-2011 05:00",0,0,24,1000,80.57,2.2,0,5,9,267,-0.044114366,-47.64351547,-0.047643515,-0.039067683,1446965.455
"17-04-2011 01:00",0,0,26,1000,87.81,2.5,0,1,4,107,0.014611173,15.78006729,0.015780067,0.012939655,585090.8911
"13-09-2014",0,0,28,1000,84.6,1,0,0,9,256,-0.010353113,-11.1813616,-0.011181362,-0.009168717,6921679.117
"23-05-2011 15:00",206,539,33,1000,56.65,1.4,558,15,5,143,556.541626,601064.9561,601.0649561,492.873264,802586.0901
"28-05-2011 04:00",0,0,28,1000,86.97,2.9,0,4,5,148,0.018284142,19.74687338,0.019746873,0.016192436,824866.7314
"25-11-2014 10:00",351,342,28,1010,63.39,3.7,614,10,11,329,608.8838501,657594.5581,657.5945581,539.2275376,7247877.59
"25-10-2011 23:00",0,0,26,1000,88.76,2.4,0,23,10,298,0.001934389,2.089140373,0.00208914,0.001713095,1607572.776
"19-03-2014 03:00",0,0,26,1010,89.85,1.1,0,3,3,78,0.106860399,115.4092312,0.115409231,0.09463557,5947044.771
"04-08-2014 23:00",0,0,28,1000,74.51,4.1,0,23,8,216,0.077724554,83.94251794,0.083942518,0.068832865,6727098.663
"05-05-2013 18:00",0,0,30,1000,73.34,3.2,0,18,5,125,-0.060871921,-65.7416752,-0.065741675,-0.053908174,4424040.315
"11-01-2011 18:00",0,0,25,1010,80.97,3,0,18,1,11,0.017209355,18.58610317,0.018586103,0.015240605,44488.11586
"04-06-2012 15:00",185,578,36,990,40.41,2.7,565,15,6,156,568.9105225,614423.3643,614.4233643,503.8271587,2736861.778
"01-06-2014 06:00",67,43,29,1000,93.68,1.5,75,6,6,152,72.96656036,78803.88519,78.80388519,64.61918586,6392788.377
"05-09-2014 10:00",313,492,27,1000,84.96,1.9,760,10,9,248,734.9274902,793721.6895,793.7216895,650.8517854,6881809.192
"08-02-2014 09:00",187,664,30,1010,33.83,1.3,603,9,2,39,601.6300049,649760.4053,649.7604053,532.8035323,5736585.4
"09-10-2014 23:00",0,0,29,1000,87.43,0.4,0,23,10,282,-0.033011906,-35.65285832,-0.035652858,-0.029235344,7063194.672
"20-06-2011 08:00",173,562,32,1000,54.18,4,511,8,6,171,515.9376221,557212.6318,557.2126318,456.9143581,949879.6986
"17-02-2013 13:00",197,763,29,1000,67.42,2,858,13,2,48,854.2342529,922572.9932,922.5729932,756.5098544,3964096.425
"13-01-2013 21:00",0,0,24,1010,77.56,2.1,0,21,1,13,-0.007862587,-8.49159345,-0.008491593,-0.006963107,3790887.759
"28-12-2014 21:00",0,0,24,1010,88.34,4.1,0,21,12,362,-0.010068229,-10.87368775,-0.010873688,-0.008916424,7372369.705
"27-06-2014 04:00",0,0,28,1000,82.03,3.2,0,4,6,178,0.058447141,63.1229125,0.063122912,0.051760788,6534581.554
"30-12-2014 10:00",355,149,27,1000,82.98,4.2,463,10,12,364,470.8082581,508472.9187,508.4729187,416.9477933,7375087.553
"21-05-2011 08:00",247,371,31,1000,74.02,3.1,476,8,5,141,472.059967,509824.7644,509.8247644,418.0563068,785631.0133
"14-07-2012 22:00",0,0,28,1000,83.41,2.1,0,22,7,196,0.073039703,78.88287932,0.078882879,0.064683961,2947350.652
"02-07-2013 17:00",99,58,33,1000,41.53,4,114,17,7,183,110.5802765,119426.6986,119.4266986,97.92989286,4738957.981
"26-03-2012 12:00",259,762,37,1000,22.34,2.3,1007,12,3,86,1008.181824,1088836.37,1088.83637,892.8458231,2319754.796
"02-08-2014 12:00",268,8,36,1000,42.62,3.3,276,12,8,214,280.4837341,302922.4329,302.9224329,248.3963949,6715458.675
"31-07-2011 13:00",317,49,33,1000,58.74,4,364,13,7,212,361.993988,390953.5071,390.9535071,320.5818758,1166533.103
"30-09-2014 21:00",0,0,28,1010,87.98,0.8,0,21,9,273,0.023585485,25.47232412,0.025472324,0.020887306,7015069.849
"02-11-2012 18:00",0,0,27,1000,85.56,3.7,0,18,11,307,-0.010434727,-11.26950536,-0.011269505,-0.009240994,3481000.2
"13-10-2012 16:00",149,83,29,1000,76.43,1.1,176,16,10,287,173.9886932,187907.7887,187.9077887,154.0843867,3405330.923
"05-05-2013 20:00",0,0,29,1000,82.04,3.1,0,20,5,125,0.032816995,35.44235453,0.035442355,0.029062731,4424040.194
"22-02-2012 11:00",205,812,35,1000,28.48,1.3,929,11,2,53,928.8782349,1003188.494,1003.188494,822.6145648,2130164.582
"02-09-2013 05:00",0,0,26,1000,92.33,2.6,0,5,9,245,-0.013230222,-14.28864006,-0.01428864,-0.011716685,5024183.458
"21-09-2014 10:00",186,751,31,1000,75.41,1.4,861,10,9,264,858.4047241,927077.1021,927.0771021,760.2032237,6960748.814
"30-12-2011 13:00",152,0,27,1000,83.34,5.3,152,13,12,364,154.0518494,166375.9973,166.3759973,136.4283178,1864491.147
"09-11-2012 22:00",0,0,25,1010,83.76,2.4,0,22,11,314,0.001934389,2.089140373,0.00208914,0.001713095,3514565.83
"21-04-2013 17:00",83,65,29,1000,72.17,2.8,97,17,4,111,97.49765778,105297.4704,105.2974704,86.34392573,4342283.369
"16-08-2013",0,0,26,1000,94.45,2.9,0,0,8,228,0.083574452,90.26040763,0.090260408,0.074013534,4930641.432
"05-09-2014 14:00",264,505,29,1000,76.17,1.7,675,14,9,248,675.5615845,729606.5112,729.6065112,598.2773392,6883859.682
"07-05-2011 06:00",67,60,29,1000,90.59,2.1,77,6,5,127,76.00319672,82083.45245,82.08345245,67.30843101,698894.836
"13-07-2012 01:00",0,0,29,1000,75.68,2.6,0,1,7,195,0.016348587,17.65647434,0.017656474,0.014478309,2938013.115
"26-09-2013 09:00",162,726,30,1010,82.56,1.8,719,9,9,269,717.7078857,775124.5166,775.1245166,635.6021036,5141038.94
"20-10-2012 13:00",159,1,28,1000,81.06,3.4,160,13,10,294,158.5744781,171260.4364,171.2604364,140.4335578,3432233.115
"11-08-2014 14:00",187,691,32,1000,60.02,2.1,767,14,8,223,739.1495361,798281.499,798.281499,654.5908292,6761565.628
"15-01-2014 11:00",208,726,29,1010,57.68,1.4,794,11,1,15,789.7911987,852974.4946,852.9744946,699.4390856,5616030.96
"23-11-2012 11:00",139,0,29,1010,73.7,3.5,139,11,11,328,140.6748657,151928.855,151.928855,124.5816611,3575296.573
"23-04-2012 07:00",158,338,31,1000,66.12,1.7,289,7,4,114,288.974884,312092.8748,312.0928748,255.9161573,2490812.152
"28-01-2012",0,0,23,1010,84.62,2.1,0,0,1,28,0.031182094,33.67666103,0.033676661,0.027614862,1996125.228
"12-08-2011 10:00",397,247,32,1000,61.88,2.7,621,10,8,224,628.8596191,679168.3887,679.1683887,556.9180787,1226375.56
"30-07-2014 08:00",262,140,30,1000,68.14,3.6,344,8,7,211,352.020874,380182.5439,380.1825439,311.749686,6700561.748
"09-02-2011 04:00",0,0,24,1000,84.58,1,0,4,2,40,0.015960917,17.23779023,0.01723779,0.014134988,186472.388
"08-05-2011 17:00",84,59,33,1000,55.24,3.8,97,17,5,128,94.8837738,102474.4757,102.4744757,84.02907008,711169.2774
"09-08-2012 04:00",0,0,27,1000,73.78,3.9,0,4,8,222,0.031735986,34.27486539,0.034274865,0.02810539,3069838.111
"20-05-2011 12:00",255,684,33,1000,62.54,1.9,931,12,5,140,936.4164429,1011329.758,1011.329758,829.2904018,782741.7282
"01-07-2012 11:00",394,37,31,1000,52.19,2.3,430,11,7,183,435.71698,470574.3384,470.5743384,385.8709575,2877591.912
"15-06-2011 01:00",0,0,27,1000,68.04,4.9,0,1,6,166,0.013560961,14.64583788,0.014645838,0.012009587,922434.1113
"17-01-2013 16:00",156,339,26,1010,56.38,3.5,271,16,1,17,271.5448303,293268.4167,293.2684167,240.4801017,3809593.38
"16-02-2013 10:00",273,626,31,1010,58.79,2.2,768,10,2,47,759.3675537,820116.958,820.116958,672.4959056,3957642.475
"10-10-2011 21:00",0,0,28,1010,84,1.7,0,21,10,283,0.093529902,101.0122946,0.101012295,0.082830082,1537797.912
"30-04-2013",0,0,28,1000,86.77,2.4,0,0,4,120,-0.016670551,-18.00419524,-0.018004195,-0.01476344,4387377.616
"02-01-2014 05:00",0,0,24,1010,78.37,3.2,0,5,1,2,0.02216481,23.93799528,0.023937995,0.019629156,5556879.249
"20-02-2012 11:00",204,812,35,1010,22.99,1.8,925,11,2,51,924.7190552,998696.5796,998.6965796,818.9311953,2118509.609
"28-06-2014 22:00",0,0,29,1000,80.22,2.2,0,22,6,179,0.101806559,109.9510834,0.109951083,0.090159888,6545346.912
"09-10-2011 10:00",209,724,30,1000,74.63,0.1,844,10,10,282,844.2077026,911744.3188,911.7443188,747.6303415,1528525.546
"03-05-2013 06:00",64,58,28,1000,86.34,3.3,74,6,5,123,73.22612762,79084.21783,79.08421783,64.84905862,4406043.7
"24-08-2012 15:00",180,603,33,1000,56.21,0.2,579,15,8,237,582.1820679,628756.6333,628.7566333,515.5804393,3159525.401
"12-07-2014 03:00",0,0,26,1000,72.87,4.9,0,3,7,193,0.043340996,46.80827558,0.046808276,0.038382786,6610602.203
"24-12-2012 19:00",0,0,25,1010,78.9,3.1,0,19,12,359,-0.013427204,-14.50138081,-0.014501381,-0.011891132,3708450.163
"29-11-2012 19:00",0,0,25,1010,78.78,2,0,19,11,334,-0.012206991,-13.1835505,-0.01318355,-0.010810511,3601636.633
"17-05-2011 08:00",200,521,32,1000,68.47,2.7,522,8,5,137,518.8317871,560338.3301,560.3383301,459.4774307,761412.8355
"13-09-2011 21:00",0,0,29,1000,81.22,1.5,0,21,9,256,0.062039252,67.00239256,0.067002393,0.054941962,1393798.446
"16-08-2012 10:00",208,703,34,1000,52.69,2.4,845,10,8,229,849.4946289,917454.1992,917.4541992,752.3124434,3108617.342
"19-02-2011 06:00",0,0,26,1010,87.32,1.9,0,6,2,50,0.014611173,15.78006729,0.015780067,0.012939655,241936.9103
"26-12-2012 10:00",321,22,29,1010,68.31,3.6,337,10,12,361,338.0043945,365044.7461,365.0447461,299.3366918,3713475.571
"06-06-2013 08:00",167,571,31,1000,69.69,1.8,516,8,6,157,515.6775513,556931.7554,556.9317554,456.6840394,4593876.634
"12-03-2012 19:00",0,0,28,1010,73.09,3.3,0,19,3,72,0.00955467,10.31904381,0.010319044,0.008461616,2236805.05
"16-02-2012 22:00",0,0,25,1010,85.39,2.1,0,22,2,47,-0.015892431,-17.16382563,-0.017163826,-0.014074337,2098892.284
"11-03-2012 06:00",7,0,27,1000,79.1,0.7,7,6,3,71,5.958130836,6434.781303,6.434781303,5.276520669,2226972.76
"09-10-2011 05:00",0,0,27,1000,94.54,0.9,0,5,10,282,-0.008356349,-9.0248565,-0.009024857,-0.007400382,1526440.659
"29-12-2014 16:00",80,0,25,1000,90.46,4.3,80,16,12,363,80.4434433,86878.91876,86.87891876,71.24071339,7373765.7
"17-11-2011 04:00",0,0,25,1010,88.36,3.1,0,4,11,321,-0.025926057,-28.00014183,-0.028000142,-0.022960116,1696421.995
"25-03-2013 17:00",84,128,30,1000,48.66,3.7,110,17,3,84,108.6606979,117353.5538,117.3535538,96.22991409,4175377.798
"16-03-2014 11:00",230,780,37,1010,20.09,3.2,968,11,3,75,965.0452271,1042248.845,1042.248845,854.6440531,5931117.931
"12-09-2011 12:00",194,774,32,1000,67.03,0.7,956,12,9,255,954.4321899,1030786.765,1030.786765,845.2451474,1386774.987
"17-02-2013 17:00",77,106,27,1000,78.44,1.9,96,17,2,48,96.32270813,104028.5248,104.0285248,85.30339032,3965457.309
"17-11-2014 03:00",0,0,24,1010,91.24,2.4,0,3,11,321,-0.024339348,-26.28649592,-0.026286496,-0.021554927,7211065.516
"28-09-2011 08:00",153,615,30,1000,80.35,1.2,514,8,9,271,514.8530884,556041.3354,556.0413354,455.9538951,1471102.319
"01-08-2013 01:00",0,0,27,1000,64.37,5.1,0,1,8,213,-0.091357224,-98.66580158,-0.098665802,-0.080905957,4866615.134
"03-03-2013 10:00",245,708,34,1010,28.51,3.3,833,10,3,62,837.0846558,904051.4282,904.0514282,741.3221711,4041601.115
"26-04-2013 03:00",0,0,27,1000,91.66,2.1,0,3,4,116,0.014611173,15.78006729,0.015780067,0.012939655,4362808.628
"30-07-2014 19:00",0,0,30,1000,70.99,3.9,0,19,7,211,-0.009845959,-10.63363574,-0.010633636,-0.008719581,6703161.677
"23-12-2014 04:00",0,0,23,1010,83.74,2.9,0,4,12,357,-0.018552087,-20.03625423,-0.020036254,-0.016429728,7351194.83
"21-06-2014 01:00",0,0,28,1000,69.69,5.2,0,1,6,172,0.086130075,93.02048117,0.093020481,0.076276795,6501010.194
"02-02-2014 17:00",60,48,25,1010,66.09,3.1,68,17,2,33,67.92554474,73359.58832,73.35958832,60.15486242,5708219.099
"26-08-2012 19:00",0,0,29,1000,71.93,2.6,0,19,8,239,0.073039703,78.88287932,0.078882879,0.064683961,3168321.086
"26-06-2014 19:00",0,0,30,1000,69.81,4,0,19,6,177,0.029608393,31.97706454,0.031977065,0.026221193,6534581.073
"13-03-2011 19:00",0,0,26,1010,86.9,2.9,0,19,3,72,-0.013996881,-15.11663195,-0.015116632,-0.012395638,373030.8887
"20-12-2013 09:00",186,631,27,1010,57.85,1.8,567,9,12,354,565.3243408,610550.2881,610.5502881,500.6512362,5501891.729
"31-12-2013 18:00",0,0,24,1010,74.01,3.2,0,18,12,365,-0.013427204,-14.50138081,-0.014501381,-0.011891132,5553552.807
"13-03-2014 23:00",0,0,25,1010,78.62,1.8,0,23,3,72,-0.030033803,-32.43650682,-0.032436507,-0.026597936,5915776.392
"15-05-2014 12:00",238,708,32,1000,67.01,3.1,939,12,5,135,943.757019,1019257.581,1019.257581,835.7912161,6294244.865
"08-03-2013 21:00",0,0,26,1010,86.03,2.4,0,21,3,67,-0.015892431,-17.16382563,-0.017163826,-0.014074337,4070996.931
"19-03-2014 02:00",0,0,26,1010,88.85,1,0,2,3,78,0.074439108,80.39423704,0.080394237,0.065923274,5947044.676
"28-07-2011 02:00",0,0,27,1000,81,4.3,0,2,7,209,0.031735986,34.27486539,0.034274865,0.02810539,1149302.837
"19-12-2013 14:00",228,519,27,1000,61.06,1.7,557,14,12,353,551.9055786,596058.0249,596.0580249,488.7675804,5500373.562
"28-07-2011 14:00",204,666,33,1000,48.83,0.8,765,14,7,209,760.6303101,821480.7349,821.4807349,673.6142026,1153586.473
"21-09-2014 16:00",157,72,30,1000,78.43,1.2,185,16,9,264,186.5804138,201506.8469,201.5068469,165.2356145,6963793.27
"27-10-2012 18:00",0,0,27,1000,76.68,3.3,0,18,10,301,-0.003996886,-4.316637218,-0.004316637,-0.003539643,3461719.374
"22-07-2014 18:00",1,0,32,1000,52.42,5.1,1,18,7,203,0.781008542,843.4892249,0.843489225,0.691661164,6666452.838
"29-05-2012 06:00",46,0,29,1000,69.24,3.5,46,6,5,150,46.64200211,50373.36227,50.37336227,41.30615706,2698305.069
"05-07-2011 21:00",0,0,30,1000,65.93,2.3,0,21,7,186,0.087857015,94.88557667,0.094885577,0.077806173,1037456.266
"02-05-2013 20:00",0,0,29,1000,78.04,4.2,0,20,5,122,0.042613812,46.02291673,0.046022917,0.037738792,4405978.636
"15-07-2012 20:00",0,0,29,1000,71.87,1.8,0,20,7,197,0.073039703,78.88287932,0.078882879,0.064683961,2950722.052
"27-04-2013 14:00",223,659,33,1000,52.1,1.9,765,14,4,117,763.9758301,825093.8965,825.0938965,676.5769951,4374029.061
"23-02-2013 04:00",0,0,24,1010,92.18,1.9,0,4,2,54,0.014611173,15.78006729,0.015780067,0.012939655,3991745.315
"27-05-2013 02:00",0,0,29,1000,64.74,4.4,0,2,5,147,-0.046707477,-50.44407561,-0.050444076,-0.041364142,4544407.375
"28-09-2012 17:00",11,0,29,1000,73.88,1.2,11,17,9,272,9.233977318,9972.695503,9.972695503,8.177610313,3333684.22
"10-05-2013 03:00",0,0,28,1000,85.69,3.2,0,3,5,130,0.011276661,12.17879433,0.012178794,0.009986611,4447137.34
"25-03-2014 07:00",136,269,30,1010,52.45,1.7,222,7,3,84,219.147934,236679.7687,236.6797687,194.0774103,5984901.227
"06-11-2014 10:00",309,586,30,1010,57.59,2.8,787,10,11,310,790.828064,854094.3091,854.0943091,700.3573334,7168517.036
"04-10-2014 15:00",167,580,32,1000,63.72,0.5,496,15,10,277,504.2970581,544640.8228,544.6408228,446.6054747,7037319.598
"01-04-2012 04:00",0,0,27,1000,89.58,1.8,0,4,4,92,0.014611173,15.78006729,0.015780067,0.012939655,2352960.739
"24-06-2011 01:00",0,0,29,1000,76.95,3.2,0,1,6,175,0.058447141,63.1229125,0.063122912,0.051760788,973611.1874
"07-03-2011 23:00",0,0,26,1010,80.44,2,0,23,3,66,-0.030033803,-32.43650682,-0.032436507,-0.026597936,336599.4423
"15-10-2013 07:00",53,0,28,1000,88.59,1.8,53,7,10,288,51.30181503,55405.96024,55.40596024,45.43288739,5234208.592
"01-06-2012 07:00",157,325,30,1000,67.21,4.8,289,7,6,153,293.4074402,316880.0354,316.8800354,259.841629,2713856.286
"15-12-2014 19:00",0,0,25,1010,88.92,2.6,0,19,12,349,0.004884413,5.275165513,0.005275166,0.004325636,7323717.998
"06-01-2013 11:00",214,720,31,1010,55.31,2.1,788,11,1,6,785.7720337,848633.7964,848.6337964,695.879713,3755066.95
"20-11-2014 05:00",0,0,25,1010,83.54,2.7,0,5,11,324,-0.024339348,-26.28649592,-0.026286496,-0.021554927,7224970.55
"09-08-2011 05:00",0,0,27,1000,82.72,2.9,0,5,8,221,0.049525872,53.48794162,0.053487942,0.043860112,1206803.667
"09-10-2012 18:00",0,0,28,1000,76.43,2.6,0,18,10,283,0.02269654,24.51226294,0.024512263,0.020100056,3386253.419
"05-06-2011 07:00",135,412,29,1000,74.81,2.6,301,7,6,156,301.2805481,325382.9919,325.3829919,266.8140534,871055.5963
"02-12-2011 03:00",0,0,26,1000,86.87,1.5,0,3,12,336,0.035302661,38.12687427,0.038126874,0.031264037,1750110.982
"27-11-2013 16:00",81,0,27,1000,75.53,3.4,81,16,11,331,80.43055725,86865.00183,86.86500183,71.2293015,5419041.748
"13-04-2013 03:00",0,0,27,1000,85.08,1.7,0,3,4,103,0.10892,117.6336005,0.117633601,0.096459552,4287038.448
"24-10-2014 11:00",333,17,29,1010,77.29,1.6,349,11,10,297,353.9517822,382267.9248,382.2679248,313.4596983,7116689.641
"09-05-2011 19:00",0,0,31,1000,64.99,4.9,0,19,5,129,-0.107376054,-115.9661382,-0.115966138,-0.095092233,717389.7619
"06-10-2013 09:00",189,680,31,1000,68.1,2,705,9,10,279,687.2987671,742282.6685,742.2826685,608.6717881,5192049.652
"30-04-2012 09:00",180,696,31,1000,78.96,2.1,730,9,4,121,727.359375,785548.125,785.548125,644.1494625,2533910.045
"19-01-2011 22:00",0,0,24,1010,79.45,1.8,0,22,1,19,-0.007862587,-8.49159345,-0.008491593,-0.006963107,83479.39428
"06-04-2012 10:00",198,770,38,1000,27.06,2.1,892,10,4,97,895.6884155,967343.4888,967.3434888,793.2216608,2387177.434
"07-10-2013 02:00",0,0,27,1000,86.88,2.8,0,2,10,280,-0.018918574,-20.43205976,-0.02043206,-0.016754289,5196229.167
"22-06-2013 14:00",194,673,33,1000,50.19,3.5,749,14,6,173,742.9676514,802405.0635,802.4050635,657.9721521,4683674.708
"15-03-2011 12:00",282,714,35,1000,37.12,2.6,970,12,3,74,965.5957031,1042843.359,1042.843359,855.1315547,382661.9063
"13-09-2012 12:00",222,718,33,1000,60.82,1,927,12,9,257,928.7811279,1003083.618,1003.083618,822.5285669,3252888.154
"16-03-2011 04:00",0,0,26,1000,89.76,1.7,0,4,3,75,0.10892,117.6336005,0.117633601,0.096459552,385119.263
"29-06-2012 03:00",0,0,26,1000,79.61,3.4,0,3,6,181,0.078946456,85.26217282,0.085262173,0.069914982,2864390.492
"18-03-2012",0,0,26,1000,86.49,2.5,0,0,3,78,0.014611173,15.78006729,0.015780067,0.012939655,2266357.098
"04-10-2014",0,0,27,1000,82.11,1.8,0,0,10,277,-0.055223495,-59.64137435,-0.059641374,-0.048905927,7031936.706
"11-04-2011 07:00",127,408,29,1010,72.83,1.2,274,7,4,101,274.5923157,296559.7009,296.5597009,243.1789548,547818.0748
"16-06-2014 12:00",243,685,38,1000,39.37,2.5,915,12,6,167,920.8527222,994520.9399,994.5209399,815.5071708,6475783.08
"30-07-2011 14:00",260,11,29,1000,80.44,2.4,270,14,7,211,270.7099915,292366.7908,292.3667908,239.7407684,1163106.273
"15-12-2011 03:00",0,0,25,1010,86.74,3,0,3,12,349,-0.025559573,-27.6043383,-0.027604338,-0.022635557,1807189.157
"22-06-2012 07:00",123,0,30,1000,54.07,3.5,123,7,6,174,123.2885895,133151.6766,133.1516766,109.1843748,2827155.873
"28-08-2013 21:00",0,0,28,1000,90.73,2.1,0,21,8,240,0.077996403,84.23611522,0.084236115,0.069073614,5000728.513
"05-02-2011 11:00",215,771,29,1010,55.83,3,870,11,2,36,868.9111938,938424.0894,938.4240894,769.5077533,166913.7598
"27-06-2012 17:00",102,150,31,1000,62.52,2.3,140,17,6,179,143.1157532,154565.0134,154.5650134,126.743311,2858633.752
"27-06-2012 14:00",272,496,33,1000,48.83,2.1,683,14,6,179,673.9434814,727858.96,727.85896,596.8443472,2857970.946
"06-09-2011 05:00",0,0,27,1000,88.04,2.7,0,5,9,249,-0.013230222,-14.28864006,-0.01428864,-0.011716685,1348305.496
"01-07-2012 21:00",0,0,28,1000,76.18,5,0,21,7,183,0.089329563,96.47592813,0.096475928,0.079110261,2879553.226
"15-04-2012 11:00",256,735,33,1000,54.9,1.5,980,11,4,106,976.7359619,1054874.839,1054.874839,864.9973679,2444679.647
"14-05-2013 16:00",202,72,33,1000,61.46,2.4,235,16,5,134,234.733139,253511.7902,253.5117902,207.8796679,4472266.992
"23-07-2012 09:00",186,659,34,1000,46.75,4.3,690,9,7,205,694.6766968,750250.8325,750.2508325,615.2056827,2985485.783
"04-06-2012 02:00",0,0,30,1000,69.93,4,0,2,6,156,-0.044476323,-48.03442866,-0.048034429,-0.039388231,2731230.138
"20-11-2012 12:00",243,654,30,1000,69.66,2.5,786,12,11,325,790.892395,854163.7866,854.1637866,700.414305,3565978.222
"08-03-2011 12:00",212,807,36,1000,23.79,2.1,979,12,3,67,984.630127,1063400.537,1063.400537,871.9884404,340246.6515
"09-09-2013 03:00",0,0,25,1000,94.63,1.9,0,3,9,252,-0.013230222,-14.28864006,-0.01428864,-0.011716685,5060299.857
"06-04-2012 09:00",184,717,36,1010,32.41,2.3,731,9,4,97,735.4591675,794295.9009,794.2959009,651.3226387,2386384.212
"15-07-2013 08:00",172,532,31,1000,64.82,2.9,485,8,7,196,490.9691467,530246.6785,530.2466785,434.8022763,4791637.702
"25-08-2011 22:00",0,0,28,1000,85.27,2,0,22,8,237,0.077996403,84.23611522,0.084236115,0.069073614,1295384.421
"23-09-2012 10:00",288,531,31,1000,72.53,0.9,765,10,9,267,768.9223633,830436.1523,830.4361523,680.9576449,3306067.849
"27-08-2011 15:00",228,504,30,1000,74.48,3.1,560,15,8,239,563.1414185,608192.7319,608.1927319,498.7180402,1305041.137
"13-01-2013 18:00",0,0,25,1010,68.99,2.5,0,18,1,13,-0.022396181,-24.18787524,-0.024187875,-0.019834058,3790887.78
"19-02-2014 18:00",0,0,25,1010,73.03,3.3,0,18,2,50,-0.025348935,-27.3768501,-0.02737685,-0.022449017,5794403.543
"25-03-2012 13:00",252,742,37,1000,21.19,2.4,942,13,3,85,938.1384277,1013189.502,1013.189502,830.8153916,2314295.776
"30-03-2014 17:00",86,133,33,1000,31.78,3.3,113,17,3,89,115.50914,124749.8712,124.7498712,102.2948944,6022664.291
"09-11-2011 21:00",0,0,27,1010,74.45,1.8,0,21,11,313,-0.012206991,-13.1835505,-0.01318355,-0.010810511,1661982.662
"20-06-2013 23:00",0,0,30,1000,64.65,4.7,0,23,6,171,-0.028099375,-30.34732483,-0.030347325,-0.024884806,4673417.797
"01-08-2014 07:00",116,416,28,1000,73.65,3.9,269,7,8,213,266.7901611,288133.374,288.133374,236.2693667,6708317.976
"07-01-2014 14:00",235,567,28,1010,58.57,2.9,612,14,1,7,605.5195923,653961.1597,653.9611597,536.2481509,5580403.785
"07-03-2012 22:00",0,0,27,1000,69.28,3.4,0,22,3,67,-0.039882522,-43.07312384,-0.043073124,-0.035319962,2209219.901
"22-05-2011 23:00",0,0,29,1000,74.94,4.3,0,23,5,142,0.042613812,46.02291673,0.046022917,0.037738792,796875.9263
"16-01-2013 20:00",0,0,24,1010,75.82,3.2,0,20,1,16,0.017209355,18.58610317,0.018586103,0.015240605,3804689.58
"24-09-2013 11:00",180,800,32,1000,69.8,1.2,951,11,9,267,947.906311,1023738.816,1023.738816,839.4658291,5133407.007
"23-05-2014 18:00",0,0,32,1000,62.63,3.8,0,18,5,143,-0.123406917,-133.2794702,-0.13327947,-0.109289166,6345026.921
"26-03-2014 13:00",228,782,37,1000,20.14,2.4,956,13,3,85,943.539978,1019023.176,1019.023176,835.5990045,5995677.617
"17-01-2013 09:00",235,495,28,1010,54.93,1.9,530,9,1,17,535.708374,578565.0439,578.5650439,474.423336,3805531.741
"26-07-2012 02:00",0,0,28,1000,70.2,4.3,0,2,7,208,0.015993234,17.27269247,0.017272692,0.014163608,3001052.144
"17-08-2012 11:00",216,729,32,1000,57.33,2.8,934,11,8,230,931.3969727,1005908.73,1005.90873,824.845159,3115424.364
"19-12-2012 05:00",0,0,24,1010,78.2,2.5,0,5,12,354,-0.05227346,-56.45533651,-0.056455337,-0.046293376,3683608.795
"19-09-2013 03:00",0,0,26,1000,87.2,3.2,0,3,9,262,-0.014816937,-16.002292,-0.016002292,-0.013121879,5102343.161
"23-06-2014 07:00",182,161,30,1000,64.2,3.2,246,7,6,174,250.6284637,270678.7408,270.6787408,221.9565675,6512221.764
"19-09-2014 20:00",0,0,29,1000,75.1,1.2,0,20,9,262,0.001132171,1.222744198,0.001222744,0.00100265,6953095.599
"01-08-2011 08:00",250,88,28,1000,72.98,3.4,302,8,8,213,302.0062866,326166.7896,326.1667896,267.4567674,1167533.098
"11-10-2011 12:00",416,248,30,1000,77.97,1,647,12,10,284,644.7771606,696359.3335,696.3593335,571.0146535,1540802.021
"01-09-2014 01:00",0,0,26,1000,79.52,4.5,0,1,9,244,-0.056483492,-61.00217164,-0.061002172,-0.050021781,6861552.114
"24-01-2011 12:00",212,771,28,1010,60.71,3,864,12,1,24,863.3254395,932391.4746,932.3914746,764.5610092,106799.1329
"27-04-2011 13:00",215,738,32,1000,62.13,2.2,908,13,4,117,902.166626,974339.9561,974.3399561,798.958764,642111.9888
"25-12-2012 22:00",0,0,24,1000,83.52,3.4,0,22,12,360,-0.010068229,-10.87368775,-0.010873688,-0.008916424,3712500.453
"06-08-2012 21:00",0,0,29,1000,78.63,3.7,0,21,8,219,0.077724554,83.94251794,0.083942518,0.068832865,3059705.349
"01-03-2011 23:00",0,0,25,1010,79.18,2.1,0,23,3,60,-0.030033803,-32.43650682,-0.032436507,-0.026597936,300157.6382
"19-07-2014 09:00",351,48,31,1000,56.44,3.9,388,9,7,200,381.2998352,411803.822,411.803822,337.6791341,6647494.011
"23-03-2011 02:00",0,0,25,1000,92.64,2.2,0,2,3,82,0.014611173,15.78006729,0.015780067,0.012939655,428504.6388
"18-02-2011 15:00",214,545,30,1000,57.23,2.4,546,15,2,49,552.5050049,596705.4053,596.7054053,489.2984323,241557.4843
"24-02-2014 17:00",52,0,26,1010,76.89,3.5,52,17,2,55,51.19471741,55290.2948,55.2902948,45.33804174,5819648.947
"12-04-2014 21:00",0,0,28,1000,79.17,1.8,0,21,4,102,0.004869788,5.25937099,0.005259371,0.004312684,6103576.541
"21-03-2011 01:00",0,0,25,1000,88.81,2.9,0,1,3,80,0.016506711,17.8272479,0.017827248,0.014618343,416090.6078
"26-08-2014 22:00",0,0,28,1000,83.4,1.9,0,22,8,238,0.073039703,78.88287932,0.078882879,0.064683961,6841047.812
"30-06-2012 02:00",0,0,27,1000,70.92,4.4,0,2,6,182,0.078946456,85.26217282,0.085262173,0.069914982,2870342.304
"22-08-2014 16:00",135,498,29,1000,75.41,2.6,363,16,8,234,364.5646057,393729.7742,393.7297742,322.8584148,6825149.481
"27-02-2014 19:00",0,0,25,1010,76.46,3.2,0,19,2,58,-0.035145741,-37.95740023,-0.0379574,-0.031125068,5836206.422
"31-03-2014 04:00",0,0,26,1000,83.95,2.6,0,4,3,90,0.014611173,15.78006729,0.015780067,0.012939655,6022664.928
"01-03-2012 12:00",254,739,37,1000,32.66,2.8,946,12,3,61,953.3807983,1029651.262,1029.651262,844.314035,2171894.238
"22-09-2012 02:00",0,0,27,1000,90.65,2.4,0,2,9,266,-0.013230222,-14.28864006,-0.01428864,-0.011716685,3298220.031
"11-06-2014 22:00",0,0,30,1000,80.13,3,0,22,6,162,-0.099639818,-107.6110035,-0.107611004,-0.088241023,6451345.799
"26-01-2014 16:00",130,459,26,1010,57.66,3.6,296,16,1,26,286.6494141,309581.3672,309.5813672,253.8567211,5672323.287
"22-11-2013 21:00",0,0,26,1010,87.25,1.8,0,21,11,326,0.001934389,2.089140373,0.00208914,0.001713095,5396772.06
"14-02-2014 09:00",188,634,29,1010,58.89,2.1,594,9,2,45,588.4620361,635538.999,635.538999,521.1419792,5769900.811
"08-11-2014 11:00",329,482,30,1010,64.91,2.8,746,11,11,312,733.4125366,792085.5396,792.0855396,649.5101424,7177996.357
"01-11-2012 10:00",375,286,28,1000,84.07,3.9,612,10,11,306,607.9446411,656580.2124,656.5802124,538.3957742,3473713.086
"09-01-2014 03:00",0,0,24,1010,84.44,2,0,3,1,9,0.031182094,33.67666103,0.033676661,0.027614862,5585190.904
"17-04-2011 16:00",190,77,30,1000,65.09,2.9,224,16,4,107,224.8118439,242796.7914,242.7967914,199.0933689,590827.0364
"18-11-2011 17:00",1,0,26,1000,75.91,3.4,1,17,11,322,0.950606167,1026.654661,1.026654661,0.841856822,1703021.126
"16-04-2014 22:00",0,0,27,1000,76.19,3.2,0,22,4,106,-0.035145741,-37.95740023,-0.0379574,-0.031125068,6128149.148
"20-01-2014 07:00",88,188,25,1010,77.83,2.5,126,7,1,20,124.3540497,134302.3737,134.3023737,110.1279464,5637909.802
"15-03-2013 10:00",291,619,35,1010,32.56,2.8,823,10,3,74,819.5369263,885099.8804,885.0998804,725.7819019,4109605.795
"20-01-2013 03:00",0,0,23,1010,84.48,2.4,0,3,1,20,0.031182094,33.67666103,0.033676661,0.027614862,3818159.532
"04-03-2014 06:00",1,0,27,1010,68.03,1.6,1,6,3,63,0.929526448,1003.888564,1.003888564,0.823188623,5859046.695
"19-12-2012 22:00",0,0,24,1010,79.82,3,0,22,12,354,-0.013427204,-14.50138081,-0.014501381,-0.011891132,3688235.629
"18-11-2013 16:00",97,304,27,1010,89.34,2.4,174,16,11,322,176.2147522,190311.9324,190.3119324,156.0557845,5378436.477
"09-11-2012 21:00",0,0,26,1010,83.08,2.5,0,21,11,314,-0.012206991,-13.1835505,-0.01318355,-0.010810511,3514565.828
"18-04-2014 03:00",0,0,27,1000,87.01,2.5,0,3,4,108,0.014611173,15.78006729,0.015780067,0.012939655,6134492.436
"23-08-2014 14:00",363,180,30,1000,77.16,1.7,513,14,8,235,507.9963684,548636.0779,548.6360779,449.8815839,6828422.022
"04-02-2012 04:00",0,0,23,1010,84.44,2.1,0,4,2,35,0.014611173,15.78006729,0.015780067,0.012939655,2031343.918
"02-02-2013 23:00",0,0,23,1010,81.53,2,0,23,2,33,-0.030033803,-32.43650682,-0.032436507,-0.026597936,3890313.969
"15-01-2013 21:00",0,0,24,1010,81.51,2.7,0,21,1,15,-0.007862587,-8.49159345,-0.008491593,-0.006963107,3799952.719
"10-01-2014 07:00",90,148,25,1010,74.87,1.8,120,7,1,10,122.0569992,131821.5591,131.8215591,108.0936785,5590122.19
"07-09-2011 10:00",187,747,31,1000,66.05,3.1,865,10,9,250,868.2810059,937743.4863,937.7434863,768.9496588,1356491.684
"14-08-2013 17:00",42,0,28,1000,84.96,2.6,42,17,8,226,42.98318481,46421.8396,46.4218396,38.06590847,4927905.755
"25-07-2013 06:00",46,12,26,1000,75.63,4.4,48,6,7,206,48.71424103,52611.38031,52.61138031,43.14133185,4829723.313
"17-09-2014 04:00",0,0,25,1000,86.48,3.6,0,4,9,260,-0.025599351,-27.64729924,-0.027647299,-0.022670785,6940160.183
"11-11-2011 11:00",241,677,30,1010,62.36,3.2,822,11,11,315,814.6942139,879869.751,879.869751,721.4931958,1669346.05
"26-01-2013 15:00",178,608,29,1010,43.01,3.4,517,15,1,26,513.6124878,554701.4868,554.7014868,454.8552192,3853524.355
"12-02-2011 13:00",216,778,30,1000,45.26,2,879,13,2,43,877.5604858,947765.3247,947.7653247,777.1675663,207417.5142
"21-02-2013 16:00",169,443,28,1010,51.17,3.6,352,16,2,52,348.4454346,376321.0693,376.3210693,308.5832769,3985823.663
"15-05-2013 17:00",72,2,32,1000,65.78,2.4,73,17,5,135,74.19924927,80135.18921,80.13518921,65.71085515,4478205.077
"27-12-2013 02:00",0,0,25,1010,80.49,1.2,0,2,12,361,-0.031764764,-34.30594549,-0.034305945,-0.028130875,5531555.794
"02-01-2013",0,0,25,1010,85.56,1.6,0,0,1,2,0.06701275,72.37376958,0.07237377,0.059346491,3734427.679
"05-11-2013 10:00",277,553,29,1010,74.87,3.4,729,10,11,309,722.5591431,780363.8745,780.3638745,639.8983771,5322434.001
"06-01-2011 22:00",0,0,24,1010,86.32,3.4,0,22,1,6,0.020568319,22.21378416,0.022213784,0.018215303,22277.13129
"01-10-2014 13:00",209,728,31,1000,67.3,1.8,854,13,10,274,828.6688843,894962.395,894.962395,733.8691639,7019356.848
"10-07-2012 07:00",123,408,31,1000,61.66,2.3,277,7,7,192,274.8759766,296866.0547,296.8660547,243.4301648,2921455.228
"15-04-2013 05:00",0,0,28,1000,87.91,2.9,0,5,4,105,-0.014774996,-15.95699552,-0.015956996,-0.013084736,4299235.309
"19-08-2012 10:00",185,696,36,1000,42.35,3.5,816,10,8,232,810.7774048,875639.5972,875.6395972,718.0244697,3125937.025
"04-01-2014 07:00",91,54,25,1010,76.84,2.4,103,7,1,4,103.228714,111487.0111,111.4870111,91.41934911,5565454.917
"05-07-2011 11:00",401,39,31,1000,59.35,3,439,11,7,186,437.0673828,472032.7734,472.0327734,387.0668742,1034879.17
"22-03-2012 02:00",0,0,26,1000,93.3,3,0,2,3,82,0.00949923,10.25916886,0.010259169,0.008412518,2290944.41
"05-10-2014 05:00",0,0,28,1000,90.33,1,0,5,10,278,-0.009576063,-10.34214769,-0.010342148,-0.008480561,7037563.192
"25-09-2011 06:00",45,50,27,1000,83.94,1.6,52,6,9,268,50.77465439,54836.62674,54.83662674,44.96603393,1452907.927
"01-05-2013 18:00",0,0,30,1000,67.61,3.7,0,18,5,121,-0.040387601,-43.61860871,-0.043618609,-0.035767259,4399865.198
"28-10-2014 07:00",148,211,27,1010,90.3,2.1,220,7,10,301,211.4793396,228397.6868,228.3976868,187.2861031,7131675.897
"09-05-2012 07:00",183,103,30,1000,77.44,3,225,7,5,130,220.9436951,238619.1907,238.6191907,195.6677364,2586236.949
"11-02-2014 09:00",189,650,30,1010,47.79,2.2,601,9,2,42,600.883667,648954.3604,648.9543604,532.1425755,5753433.299
"29-04-2012 05:00",0,0,27,1000,94.25,2.5,0,5,4,120,0.014611173,15.78006729,0.015780067,0.012939655,2526160.133
"09-04-2014 18:00",0,0,32,1000,54.29,2.4,0,18,4,99,-0.229207262,-247.5438434,-0.247543843,-0.202985952,6085159.135
"18-07-2013 09:00",225,11,30,1000,59.51,3.9,234,9,7,199,234.981308,253779.8126,253.7798126,208.0994464,4804172.155
"18-09-2012 11:00",419,264,32,1000,65.27,1.4,676,11,9,262,680.3010864,734725.1733,734.7251733,602.4746421,3280653.98
"09-03-2013 20:00",0,0,26,1010,80.48,2.8,0,20,3,68,-0.028138263,-30.3893242,-0.030389324,-0.024919246,4076978.045
"04-10-2013 09:00",189,678,29,1000,81.82,2.3,704,9,10,277,694.0521851,749576.3599,749.5763599,614.6526151,5180671.745
"29-12-2012 22:00",0,0,26,1000,91.37,3.2,0,22,12,364,0.000714168,0.771301389,0.000771301,0.000632467,3722542.806
"12-07-2011 15:00",301,99,34,990,46.95,2.5,369,15,7,193,376.2373352,406336.322,406.336322,333.1957841,1074064.225
"05-10-2012 11:00",213,753,33,1000,64.48,1,925,11,10,279,926.7421265,1000881.497,1000.881497,820.7228272,3362914.937
"15-12-2014 02:00",0,0,25,1010,85.53,2,0,2,12,349,-0.021389315,-23.1004601,-0.02310046,-0.018942377,7319726.963
"23-08-2011 12:00",268,681,32,1000,72.69,1.8,947,12,8,235,943.6572266,1019149.805,1019.149805,835.7028398,1282906.536
"16-10-2014 11:00",248,705,30,1010,76.12,2.4,899,11,10,289,897.8709106,969700.5835,969.7005835,795.1544785,7092474.183
"22-03-2013 06:00",17,0,26,1000,77.42,1.9,17,6,3,81,15.2899332,16513.12786,16.51312786,13.54076485,4150936.529
"17-11-2011 15:00",162,39,28,1000,80.89,2.7,181,15,11,321,176.3126678,190417.6813,190.4176813,156.1424986,1699536.502
"27-06-2011 14:00",367,282,38,1000,30.15,4.8,601,14,6,178,600.6779785,648732.2168,648.7322168,531.9604178,995907.4906
"29-12-2013",0,0,24,1010,79.05,1.9,0,0,12,363,-0.05227346,-56.45533651,-0.056455337,-0.046293376,5540157.787
"04-10-2014 20:00",0,0,28,1010,77.55,2.2,0,20,10,277,0.02269654,24.51226294,0.024512263,0.020100056,7037563.174
"11-10-2011",0,0,27,1000,86.74,1.6,0,0,10,284,0.032352634,34.94084448,0.034940844,0.028651492,1537798.075
"02-03-2012 06:00",0,0,26,1000,85.18,2.8,0,6,3,62,0.016506711,17.8272479,0.017827248,0.014618343,2174286.732
"26-11-2013 23:00",0,0,27,1000,80.98,1.1,0,23,11,330,0.054311544,58.6564672,0.058656467,0.048098303,5414745.81
"07-08-2013 17:00",87,246,31,1000,58.37,0.8,148,17,8,219,144.7702637,156351.8848,156.3518848,128.2085455,4901898.866
"07-08-2011 08:00",157,576,30,1000,69.04,3.5,493,8,8,219,493.4718628,532949.6118,532.9496118,437.0186817,1195434.004
"31-07-2014 20:00",0,0,29,1000,72.8,3.8,0,20,7,212,0.077724554,83.94251794,0.083942518,0.068832865,6708029.793
"25-10-2014 19:00",0,0,27,1010,88.71,1.6,0,19,10,298,0.058626365,63.31647411,0.063316474,0.051919509,7123202.439
"12-07-2014 18:00",1,0,32,1000,60.25,4.3,1,18,7,193,0.704436958,760.7919145,0.760791914,0.62384937,6615280.689
"10-12-2012 20:00",0,0,25,1010,79.44,2,0,20,12,345,-0.009256965,-9.997521713,-0.009997522,-0.008197968,3647341.447
"20-08-2014 16:00",135,500,30,1000,73.57,2.5,365,16,8,232,366.4981689,395818.0225,395.8180225,324.5707784,6812995.807
"06-04-2012 08:00",159,620,34,1010,43.49,2.7,517,8,4,97,516.7492065,558089.1431,558.0891431,457.6330973,2385732.89
"03-08-2014 17:00",54,0,31,1000,66.59,2.8,54,17,8,215,56.3147583,60819.93896,60.81993896,49.87234995,6721727.88
"16-12-2013 11:00",376,282,28,1010,56.63,3,601,11,12,350,606.3666382,654875.9692,654.8759692,536.9982948,5486268.201
"13-04-2012 20:00",0,0,28,1000,76.47,2.8,0,20,4,104,0.006765335,7.306561656,0.007306562,0.005991381,2435623.26
"18-09-2013 12:00",223,736,31,1000,72.87,2.9,940,12,9,261,939.2234497,1014361.326,1014.361326,831.7762871,5100244.679
"17-04-2011 07:00",129,415,30,1010,72.53,1.1,284,7,4,107,284.7551575,307535.5701,307.5355701,252.1791675,585397.7862
"02-06-2012 09:00",203,641,37,1000,37.62,3.7,706,9,6,154,705.3131104,761738.1592,761.7381592,624.6252905,2720405.032
"06-06-2013 12:00",376,355,33,1000,63.22,0.8,725,12,6,157,730.7498169,789209.8022,789.2098022,647.1520378,4596696.479
"25-10-2013 13:00",387,163,28,1000,86.57,3.1,521,13,10,298,523.8842773,565795.0195,565.7950195,463.951916,5275571.053
"11-06-2011 22:00",0,0,29,1000,72.19,3.8,0,22,6,162,0.106491409,115.010722,0.115010722,0.094308792,908685.4887
"18-09-2012 23:00",0,0,27,1000,90.98,2.2,0,23,9,262,-0.015414934,-16.64812837,-0.016648128,-0.013651465,3283094.152
"21-09-2012 11:00",386,390,31,1000,73.01,2,764,11,9,265,765.1615601,826374.4849,826.3744849,677.6270776,3295503.615
"18-03-2013 18:00",0,0,27,1000,60.65,3.2,0,18,3,77,0.079635285,86.00610763,0.086006108,0.070525008,4132647.64
"20-04-2013 18:00",0,0,29,1000,80.61,3.7,0,18,4,110,0.00955467,10.31904381,0.010319044,0.008461616,4336264.983
"27-09-2013 23:00",0,0,28,1000,85.8,1.9,0,23,9,270,0.019488638,21.04772933,0.021047729,0.017259138,5149808.246
"08-06-2012 14:00",208,659,42,990,22.81,2.1,748,14,6,160,748.5162354,808397.5342,808.3975342,662.885978,2760858.094
"12-05-2012 23:00",0,0,29,1000,77.99,1.9,0,23,5,133,0.037928931,40.96324593,0.040963246,0.033589862,2609406.972
"12-06-2012 10:00",225,665,39,1000,26.97,2.7,826,10,6,164,820.1737671,885787.6685,885.7876685,726.3458881,2777847.234
"08-10-2011 02:00",0,0,27,1000,90.34,1.8,0,2,10,281,-0.024339348,-26.28649592,-0.026286496,-0.021554927,1521267.102
"03-06-2012 02:00",0,0,29,990,68.41,4.7,0,2,6,155,0.074525066,80.48707098,0.080487071,0.065999398,2725058.566
"01-07-2011 03:00",0,0,29,1000,76.95,2.9,0,3,7,182,0.018244149,19.7036811,0.019703681,0.016157018,1013943.309
"06-12-2013 12:00",394,123,28,1000,66.89,5.5,494,12,12,340,491.8649597,531214.1565,531.2141565,435.5956083,5448131.336
"03-03-2014 16:00",195,316,29,1000,48.24,3,329,16,3,62,325.5268555,351569.0039,351.5690039,288.2865832,5858983.849
"04-03-2011 18:00",0,0,26,1000,68.08,2.7,0,18,3,63,-0.044567402,-48.13279465,-0.048132795,-0.039468892,318234.1004
"20-05-2012 22:00",0,0,29,1000,80.43,3.1,0,22,5,141,0.032816995,35.44235453,0.035442355,0.029062731,2654412.592
"10-07-2014 14:00",358,33,33,1000,49.49,4.4,386,14,7,191,385.5994568,416447.4133,416.4474133,341.4868789,6607339.534
"23-08-2011 23:00",0,0,27,1000,87.95,3.1,0,23,8,235,0.037980802,41.01926655,0.041019267,0.033635799,1284740.822
"27-05-2011 04:00",0,0,28,1000,95.94,2.6,0,4,5,147,0.016388591,17.69967869,0.017699679,0.014513737,818886.904
"02-10-2011 10:00",209,723,33,1000,61.86,1.1,851,10,10,275,850.7341919,918792.9272,918.7929272,753.4102003,1492501.218
"27-10-2014 02:00",0,0,27,1010,93.83,0.8,0,2,10,300,-0.008356349,-9.0248565,-0.009024857,-0.007400382,7126950.859
"16-10-2014 16:00",112,332,28,1000,77.47,2.2,216,16,10,289,205.7811584,222243.6511,222.2436511,182.2397939,7095106.216
"03-11-2011 03:00",0,0,26,1000,90.42,1.5,0,3,11,307,0.032352634,34.94084448,0.034940844,0.028651492,1635852.05
"24-01-2014 17:00",52,36,24,1010,73.16,2.9,57,17,1,24,54.93335342,59328.0217,59.3280217,48.64897779,5662224.862
"10-02-2012 20:00",0,0,25,1010,79.79,2.7,0,20,2,41,-0.030033803,-32.43650682,-0.032436507,-0.026597936,2067410.847
"09-01-2011 08:00",140,495,27,1010,82.03,3.4,345,8,1,9,344.9868774,372585.8276,372.5858276,305.5203787,30876.32275
"30-12-2012 02:00",0,0,25,1000,91.55,3.1,0,2,12,365,-0.025559573,-27.6043383,-0.027604338,-0.022635557,3722542.738
"24-02-2014 08:00",203,28,27,1010,70,2.2,217,8,2,55,213.3172302,230382.6086,230.3826086,188.9137391,5817128.848
"06-01-2011",0,0,24,1010,81.35,3.1,0,0,1,6,0.02216481,23.93799528,0.023937995,0.019629156,18068.85386
"05-07-2013 05:00",0,0,27,1000,69.99,3.4,0,5,7,186,-0.045254495,-48.87485459,-0.048874855,-0.040077381,4748495.803
"10-09-2011 13:00",189,755,32,1000,67.91,0.9,888,13,9,253,883.4838257,954162.5317,954.1625317,782.413276,1375913.037
"06-12-2014 10:00",276,530,28,1010,64.58,2.7,672,10,12,340,655.1472168,707558.9941,707.5589941,580.1983752,7287798.538
"22-07-2013 08:00",257,148,27,1000,76.81,3.6,344,8,7,203,339.6363525,366807.2607,366.8072607,300.7819538,4821188.727
"29-05-2013 11:00",285,637,34,1000,46.88,2.4,908,11,5,149,908.9158325,981629.0991,981.6290991,804.9358613,4557227.902
"13-10-2013 17:00",5,0,30,1000,74.01,1.6,5,17,10,286,5.987741947,6466.761303,6.466761303,5.302744268,5228973.707
"06-05-2013 19:00",0,0,29,1000,77.34,4,0,19,5,126,0.042613812,46.02291673,0.046022917,0.037738792,4429062.841
"25-08-2012 05:00",0,0,26,1000,82.32,2.4,0,5,8,238,0.047630325,51.44075096,0.051440751,0.042181416,3159949.214
"03-01-2013 13:00",267,588,31,1010,48.91,2.1,715,13,1,3,715.4606323,772697.4829,772.6974829,633.611936,3742436.502
"02-05-2013 03:00",0,0,27,1000,92.55,3.3,0,3,5,122,0.031775966,34.31804359,0.034318044,0.028140796,4399865.46
"30-07-2011 06:00",28,0,27,1000,85.07,2.8,28,6,7,211,29.03456497,31357.33017,31.35733017,25.71301074,1160481.513
"25-08-2013 09:00",178,682,30,1000,71.34,2.3,705,9,8,237,707.6609497,764273.8257,764.2738257,626.7045371,4979740.072
"01-12-2011 16:00",112,245,27,1000,73.27,1.9,175,16,12,335,175.0836334,189090.3241,189.0903241,155.0540658,1750109.974
"25-05-2013 19:00",0,0,32,1000,52.91,4.9,0,19,5,145,-0.076123185,-82.21304029,-0.08221304,-0.067414693,4538358.592
"23-01-2011 21:00",0,0,24,1010,82.54,2.2,0,21,1,23,-0.007862587,-8.49159345,-0.008491593,-0.006963107,103802.7453
"01-10-2011 19:00",0,0,30,1000,77.09,1,0,19,10,274,-0.369813472,-399.3985498,-0.39939855,-0.327506811,1490641.811
"13-12-2011 01:00",0,0,25,1010,84.62,2.9,0,1,12,347,-0.018552087,-20.03625423,-0.020036254,-0.016429728,1799933.892
"31-03-2011 07:00",130,368,29,1010,60.57,3,254,7,3,90,253.9226837,274236.4984,274.2364984,224.8739287,478379.6891
"12-03-2014 07:00",120,300,28,1010,62.17,2.1,206,7,3,71,209.0588379,225783.5449,225.7835449,185.1425068,5904051.373
"17-05-2014 22:00",0,0,30,1000,82.08,1.4,0,22,5,137,0.887833297,958.859961,0.958859961,0.786265168,6308819.386
"04-12-2011 13:00",211,689,30,1000,58.69,1.5,726,13,12,338,724.5526733,782516.8872,782.5168872,641.6638475,1762805.454
"07-05-2014 21:00",0,0,28,1000,87.27,2.8,0,21,5,127,0.053965859,58.28312784,0.058283128,0.047792165,6250395.89
"12-01-2012 23:00",0,0,24,1010,83.55,3.1,0,23,1,12,0.03135075,33.85881051,0.033858811,0.027764225,1920431.379
"27-09-2012 13:00",297,526,31,1000,72.46,0.8,767,13,9,271,779.5062256,841866.7236,841.8667236,690.3307134,3328551.953
"30-06-2012 08:00",174,536,30,1000,53.88,3.9,493,8,6,182,491.9291687,531283.5022,531.2835022,435.6524718,2871075.136
"05-04-2011 18:00",0,0,29,1000,70.23,3.6,0,18,4,95,0.06592527,71.19929194,0.071199292,0.058383419,516077.8731
"17-08-2013 10:00",408,105,29,1000,72.91,3.1,504,10,8,229,503.1797791,543434.1614,543.4341614,445.6160123,4935875.641
"20-11-2012 20:00",0,0,26,1010,84.48,3,0,20,11,325,0.000347661,0.375473723,0.000375474,0.000307888,3567623
"17-05-2011 21:00",0,0,29,1000,74.46,3.9,0,21,5,137,0.042613812,46.02291673,0.046022917,0.037738792,766773.5969
"08-02-2012 12:00",202,790,33,1000,34.76,1.7,898,12,2,39,894.4151611,965968.374,965.968374,792.0940667,2055251.882
"23-04-2013 06:00",46,0,28,1000,85.25,1.3,46,6,4,113,46.7818222,50524.36798,50.52436798,41.42998174,4347794.406
"28-10-2011 20:00",0,0,27,1010,86.75,2.9,0,20,10,301,0.007355149,7.943560816,0.007943561,0.00651372,1618336.87
"20-05-2013 01:00",0,0,29,1000,83.1,4.1,0,1,5,140,-0.01586003,-17.12883286,-0.017128833,-0.014045643,4502193.472
"13-08-2014 12:00",285,660,34,1000,48.7,2.1,944,12,8,225,937.6114502,1012620.366,1012.620366,830.3487003,6770811.247
"02-12-2011 07:00",120,186,26,1010,77.61,0.5,170,7,12,336,176.7047577,190841.1383,190.8411383,156.4897334,1750272.881
"02-02-2014 22:00",0,0,24,1010,80.36,2.1,0,22,2,33,-0.030033803,-32.43650682,-0.032436507,-0.026597936,5708218.959
"27-04-2014 14:00",229,650,31,1000,65.16,3.5,763,14,4,117,778.104126,840352.4561,840.3524561,689.089014,6196070.764
"09-10-2014 18:00",0,0,29,1000,82.34,1.1,0,18,10,282,0.08921513,96.35233998,0.09635234,0.079008919,7063194.523
"19-05-2011 07:00",164,336,30,1000,76.39,4.4,301,7,5,139,303.1087952,327357.4988,327.3574988,268.433149,773224.4483
"27-02-2012 18:00",0,0,27,1000,58.75,2.7,0,18,2,58,0.004947373,5.343162529,0.005343163,0.004381393,2162427.32
"11-10-2014 03:00",0,0,27,1000,84.05,2.7,0,3,10,284,-0.024339348,-26.28649592,-0.026286496,-0.021554927,7067187.171
"28-11-2013 19:00",0,0,26,1010,79.24,2,0,19,11,332,-0.012206991,-13.1835505,-0.01318355,-0.010810511,5421712.741
